-----------------Parameters--------------------
Epoch: 30
Dataset: ./training.h5
Ckpt path: .\ablation_full
If True, resume from: logs/
C param: 0.5, 0.75
-----------------------------------------------
14.72217097687532
12.16363549270581
10.032263733065848
9.630035497174898
7.9342268546074335
8.176128831162593
7.725459472430315
6.849830324289732
6.575726469556535
6.838908143554738
5.7237377667995055
6.651739369387785
6.066188545570679
5.091894379547501
5.470085729478332
6.207455929506116
6.648507556499617
6.236621034634326
6.649446343356772
5.7655873408701455
5.385455421909252
5.3781531745165285
5.54943246202817
5.695035804937157
5.560482152113132
5.629851473916992
5.242086512192189
5.78872520913704
5.4307488535145865
6.304581597232316
5.042896749107022
5.254827623550665
5.099209831077598
5.48656395820784
5.202453452514168
5.194988648645714
5.514007396691824
5.539081373034172
4.759278983274445
5.505455886477483
5.340614753616015
5.200906135775154
4.604780214558985
5.418599470972976
5.494964374551497
4.662828531448895
5.211627996234965
5.403408142957662
5.902422194607078
5.5046429534571715
5.014781094651477
5.483784158273842
5.138432716615158
4.278908278843385
4.804742261633007
5.13986880571012
5.280166694257638
4.40688470278061
5.3330512512910735
5.189604126488266
4.893344284461925
4.521652047686087
4.447803382794739
4.532117764815432
4.6969209000774494
5.200090816945844
4.332337090269803
4.4235089639539975
5.15996100068239
5.116601951241197
6.098083856793132
4.337570589789387
5.036894017797989
5.44032411741866
5.510979256742506
4.727362888239306
4.9339120315008085
5.213651197433255
4.59930615217919
4.372743238154452
5.314377622304397
4.6987005666968775
6.014338743455901
4.844084682786727
5.55443010174238
5.128465078826403
4.592289189574254
5.301109037403311
4.693803543550631
4.002592021247191
5.020769801387353
4.943370400579841
4.145553020590061
4.843124503950975
5.082152970268059
5.094719942059448
4.779538817622783
4.868093921632891
4.662890990272051
5.4406065355219075
5.261737687317955
5.10341651165828
4.14046191480366
4.997095877015533
5.17686073402259
5.065294499694744
4.943766704773584
5.155781813898505
5.297819462375208
5.765211364083572
4.61031081901714
5.787982439158467
4.676248762927821
5.183644481591279
4.882282389449579
5.310983579759927
4.3416566173595665
5.489516205333511
5.637615373251017
5.614469483698769
5.236192858146169
4.619143109900443
4.877593305092967
4.138430884648485
4.50803920113956
5.04927750519534
4.686587370319462
4.987762627090039
4.345601517674781
4.579815430010231
4.935866331497313
5.106833369156913
4.876093609900916
4.779265267823368
4.470833465075887
4.753249334277839
4.745122470699327
4.0847577281199605
5.1059867532785015
5.184380422675224
5.268810067826544
4.508786725964176
5.0677628894825455
4.641750246464592
4.863972588470509
5.447985091522424
5.330070315814454
5.287678478600012
4.274480327792309
4.779021725265593
4.433293865066656
4.39728209117921
4.436974567010439
5.8317415595799424
4.39061245020755
5.0686653721214725
5.226119600168126
4.529767036391191
4.4875348300240026
4.538830470804117
4.725740495707223
5.524617304692275
4.400269005243069
4.683162539505204
4.787830118781991
4.522418998141732
4.726830927410665
4.546169336149072
4.667286897582763
4.536654672493811
4.681800614473957
4.623119596465855
4.511501698481554
3.934247668820877
5.584183336296425
4.259754210587873
5.145923416504568
4.725994618932105
4.549788408896152
4.791743599524884
4.599773510376611
4.762965147041959
4.843321231257092
5.079830073218384
4.944081714329393
4.558627378011642
4.344945675637789
4.129412626066089
4.254423920097323
4.863750673675755
4.8771953648578545
5.389117594360125
4.435659005423261
5.1399127566796485
4.151924764879543
4.471302573183282
4.615609471313416
4.262300803099954
5.501587155628662
4.514185225784555
5.765265985040134
4.557929435356002
4.381602215470959
5.087146642833888
5.222162503596538
4.617425118009328
4.8103445678610806
5.243166927663183
5.181037003895796
4.420616764697262
4.9631065524703635
5.1309154556562415
4.748946080669996
4.923494918268321
4.76298656569665
4.696557370277275
4.779512156420934
4.788147815582422
4.768739011784401
3.9111979072799077
5.545321221851076
4.307935257717809
5.230144676390612
4.453649932613008
5.7241126123642285
4.066184590944603
4.65827938599327
4.956723868416586
5.899337664577357
4.686300380709658
4.853701709855356
4.738103947343206
5.131728861731443
4.4501275954907875
4.190515113212665
4.172533922192331
4.909118555592044
5.470683422459485
4.42310594787832
4.830412870634662
4.337503371968074
4.6565275194458415
4.499865899514866
5.3990725274549956
4.523410609895936
4.4312552307879
4.741250198439614
4.916151226612517
5.449275506442015
4.6546424020871315
4.782290208833328
5.24565924358267
4.591230898698638
4.645853007112547
4.443022580211521
4.037918491639492
4.752778667695305
4.395200138614038
5.149622485341971
4.143504706972424
4.826757301762855
4.414288866154454
4.614141132952366
4.413199161288979
4.795308607456835
4.787916400172409
5.09276011535241
5.3857299794333295
4.144397351510365
4.603328330326048
4.734175099897665
4.994027500695535
4.692563100522947
4.16253720497913
5.501606951339537
4.0628265238560735
4.083262860659029
4.5284873332470434
4.493567400023351
4.822476580520164
4.690377691154462
4.840096178317764
5.207112935774743
4.1986211405308165
5.019103361124402
4.1537911493203135
4.825977512102765
5.1875756744055215
4.520660371398702
4.38968597138646
5.369774740269276
4.000606340194801
4.542315630904768
4.645787914161357
5.171817894368913
4.137443857396173
5.106511491033902
4.616448222175958
4.665351226062462
4.6405553988113315
5.454498977771321
4.443768553421474
4.296581779431253
5.134753531950061
4.712540419731256
4.964212986443006
5.323461024483605
5.533490080174007
4.911737083110753
4.100623199249904
5.649260664935886
5.165672040204699
4.592319335267615
5.324740779239235
5.153477894412699
4.782136130024644
5.005530110411867
3.8972483979717896
5.158905089275717
4.250199067641518
4.715215528227406
4.428367909358941
4.945592001623067
4.857693325647321
4.711130201703599
4.729579667722917
4.837738114215871
5.105712612837995
4.441393700654751
4.670504548235593
4.612545658410489
5.12918795505141
5.3486211589938915
4.456119038576514
4.6038224524880125
4.823455062215131
4.436142974326888
4.070408821945724
4.66480402007307
4.912971089007178
4.4702761475730535
4.640933543599038
5.067191242638906
4.485771063788518
3.9036274445318013
4.62681655522345
5.000826635556452
3.981016575668754
4.526531774469785
4.931686649660168
5.150456927092561
4.693427720521858
4.6047611581363626
5.101802191503549
4.28674038210805
4.140515295264019
4.693684698991025
4.736120134018689
5.0209814676071405
4.714487295392667
4.617552805571641
4.838922770609218
4.7293573533875435
4.5717184334309655
5.009306905754385
4.789694506528432
4.887299275559236
4.655355930361065
4.543458583450604
5.086223134033671
4.043332959207426
5.154809764975657
4.242524101899371
4.247914008531571
4.741269849791188
4.586819730083795
4.221006023874334
4.608513360786719
5.602038315499958
4.75555994418028
4.1674889660363545
4.205607265949762
4.751937967636655
4.4138075186299925
4.914965987473889
5.333932446505407
4.765837957275627
4.0955883540245805
5.321720739874431
4.506773550791791
4.617623821091796
4.468915623259403
4.621269980379988
4.886457197883692
4.393538125340649
4.763667916020037
4.817056448034071
5.2209378643643145
3.993715560119039
5.198955649572793
4.50956644414247
4.530336900985897
4.3037210965152894
4.8357642089208746
4.259065950895011
4.87967890022181
4.328299906132863
5.231867940896316
3.9154101882810424
5.034045664095377
5.3140563516876425
4.979657986396159
5.0968014215111115
5.367833284694535
4.617298910881716
4.617310075067433
4.378699912799879
4.429722632634601
4.135595320463933
4.852790355120817
4.6759810952552385
4.806012021199957
5.148795914375205
4.110555151228797
4.965792153175906
4.568130419361219
5.4608710534389715
4.490820207149085
4.974261246064891
4.909773830644858
4.507915031076042
4.740542802991117
5.012727021964404
4.895275364701321
4.6246045206122375
4.367612004871659
4.682199273191148
4.153684684826147
4.721167179648118
4.889943797281488
4.192402934335227
5.613116947159541
4.560085385764723
3.4590268274377696
4.928584296755045
5.200971896550419
4.842417858750625
4.965238162846323
4.394480465243282
4.287897827732674
4.739848476752726
4.15253756334084
4.581028722193712
4.225101592361375
5.522632040394038
4.23582867020903
4.891616956492501
5.0942898003581085
4.300134719033207
4.184574657371392
5.338996612846446
4.436769730423181
5.707347421004335
4.8087264654488155
3.8161354292907532
4.503018550535998
5.4825020941175175
4.407638531205444
3.943952217189233
5.856913375156709
3.8134686146056587
4.529923129571836
5.123031673104982
5.28668378228633
5.511716156700816
4.714908692556945
4.52032131721536
3.8030982191424165
4.89367842337364
4.163863400850092
5.382319779286701
5.383997023854845
4.046469262486738
4.500889967030832
4.736151384080959
4.692193456818889
5.4760024433001
4.372131610699154
4.237170972592912
4.5926331281914194
5.118094654079518
4.504631309981748
4.7764881838439335
4.4225697342080945
4.772497639824493
5.707053489548379
4.501788444900727
4.654468296735727
5.012186416027297
4.637632933711933
4.515520334517828
4.441849409088483
4.129557629825498
4.486620378254368
4.9108026863415395
3.886325022857875
4.6274818195564285
5.027478729218308
4.758216045943405
5.023335556923662
4.862857420279548
4.789938367819113
4.701244873285462
4.902179614042829
4.46784312529564
4.400222753373804
4.538186176607279
4.554358024512601
5.170161942563072
4.563724344714036
4.727570160820966
3.7861242885099466
4.381726240374694
4.141237611979514
4.382054748239804
5.061639339473551
4.448880502240439
4.405005646181592
4.875121856848031
4.412366538681047
4.455051558089923
4.2907970743798005
4.398450143186608
4.571263834099537
5.55207705084068
4.68119871249716
4.425347419030141
5.556155406564888
4.895442654182181
4.976439379100571
4.705659209001694
4.425028543844635
4.580124149581096
4.7972155872065185
4.338473659402247
3.900611738062342
4.221938661741846
4.957998309114254
4.309334426486286
4.815946440615878
4.8205624930039175
4.220506892484247
3.703918173351805
5.33938539006744
4.107889649974224
4.1858153106056015
4.752632373086827
4.234650747470958
4.961655179160704
4.201115779571857
4.721506671828665
4.712023737543537
4.272975232423712
4.865015002937087
4.052444747349562
4.438720401052861
5.026701456299973
3.896280077231573
4.694288475041323
4.99200588855819
4.491588443178761
5.558577867364721
4.378600734197615
5.374651288621555
4.444739340956911
5.250026765352434
4.307060188867098
4.894558828230718
4.445625281906893
4.503722502057155
3.9432450478632584
4.7727815304293095
4.572160018744298
4.234955688885287
4.5274844861039245
4.78982966745504
4.894482726583955
4.768264087542977
5.695422669476018
5.319168228362238
4.981027709707386
5.530006535835131
5.206991171816485
4.1970623865272865
5.440587855846842
4.836595532081451
4.5986387774107875
4.840394695822506
4.775136738206093
4.740289805539962
4.450092713124374
4.352601918330564
3.474360589615588
4.506865523825668
4.398224405365328
5.040227285265439
5.123124476976795
4.553937895362599
5.016292785268385
4.976340702920911
4.618419784397668
4.672149432542683
4.573574040528428
5.034091659618931
4.1016820852636595
4.5999439947456455
4.640777759708974
4.435455626507818
4.194251403998027
3.4386210333257075
5.309956702733345
4.806024180056287
4.639585203897262
4.770084278668283
4.712579496156941
5.003536274785
5.2207290280196315
4.285718650885345
4.391551764567837
3.9954870027048854
5.43969413595814
5.5185166747252445
4.472136510635864
4.3529858097232985
4.888008511011431
4.993281351866372
4.799671677736122
5.2155250186641915
5.424727863785146
5.151231674734659
4.57300496664075
5.04357659178174
4.635529371505183
4.62102226638482
4.6867764694369045
4.407072988267493
4.7720065029577174
5.389620459189235
5.567968609385392
4.207180225571856
5.12649163173857
4.284152340538282
5.071349249097717
4.7013753770475155
4.5189768857629735
4.628440851920128
4.735394725876414
4.614945324222722
4.7757324921859095
5.4965697404744684
5.149079487406449
4.717362739974009
4.544090517046061
5.162652131622896
4.397634848155256
4.836823236596636
4.336563297068656
5.063422714486436
3.827298524092051
4.651227656435853
4.401899464337163
4.549530825515884
4.451183055801543
4.799092307126072
4.199278871457212
4.614357623036683
4.934741846850973
4.927074573128092
4.671857465354949
5.179412978129702
4.772726427641654
4.299613594684497
5.083531481589039
4.36586490472282
4.719450436271254
4.6486858270433995
3.7593234475537014
4.670369759570228
4.851640590553286
4.739866925271332
3.636978360057186
4.795619423380839
4.864050294177945
4.37669266555606
4.507133678653425
4.624880998528383
5.2059956418914455
4.699336088638831
4.172416795387153
4.776653101971692
4.545886794684536
4.068349343687767
4.713572289985921
4.773190884951328
5.053288876683223
5.144945483120049
4.497714007854817
4.798832188413811
4.301498288078271
4.5689060541775985
3.924632114976007
5.237798912200278
5.554633818365246
4.739545436026427
4.572094283366712
4.9324024860538715
4.886065629889143
4.938414785372281
4.6968157458344395
4.099734365300698
4.754639469020688
4.712903892402577
4.700296061360419
4.435880335750574
4.323570943289529
4.980809491688156
5.460186399383411
4.73473997843325
4.675944563128117
3.972016977555144
4.769736609729783
4.275874793433677
5.1999116180965945
3.8321236988921425
4.280576079225228
4.105433103440971
4.61854732077752
3.8344630371019464
4.882725772317151
4.120472275116058
4.912821697618611
4.420116922307417
3.8463756335646613
4.580092073281957
4.27854460138545
4.699036895644951
4.819402971714164
4.591598127576933
4.269644003502965
4.778469271984684
4.9635662956966895
5.161745176544287
5.154455609160318
4.255385290079098
4.488573583531192
3.8796754707951746
4.19367674245305
4.003972710002061
4.950834910792102
3.813718035328518
4.337931383638419
4.362392386260978
5.0588673841658345
4.752381914234615
4.708671849542211
4.922434291907308
4.5786436713055005
4.349963280304324
4.362697061326709
3.8527127255806732
5.840910402200344
4.563589754380475
4.945916820679812
3.4955670030114545
4.271117240827614
4.711992291987838
5.1455354760684715
4.234779641229366
4.05077474210201
4.699247610567624
4.242126462665518
5.01481986261143
4.469883006074994
4.605774809498254
4.648273732952238
4.695733539739645
4.439748705455624
4.143173889044434
4.767160341012264
4.416394707824489
4.63230385561374
4.235312798048921
4.616109318123724
4.7646556958947865
4.839401424306677
4.279011685740949
4.503264109161483
4.354690000184064
4.820465510819511
4.002424568943962
5.40887889417866
5.118558448911166
4.980737087107416
4.175231296938866
5.985207780599636
4.291315254039471
4.22456069234003
4.8855266718108865
5.16352906213935
4.668903761498926
5.388667806981686
5.107532973776545
4.956595937949006
5.571892696833523
5.364037544158715
4.2213905689349795
4.378204436798098
4.89928861597862
4.331339396431805
4.288388726367983
5.559637278954695
4.566081126743293
4.773634533738142
5.184443996345543
5.222272478109411
5.312705301403467
4.403365101619877
3.9759808164897827
4.225505132997848
4.689113363956268
4.201591649861261
4.5204274547536265
4.454339024743305
4.310835194124895
4.878202561360872
4.060234616942912
4.075650975560751
4.055572645807108
4.947891449327848
3.8211234453259917
4.941310942982682
4.3836719237148865
4.9244441330379525
4.611788165444101
4.151417194067696
5.026044760040356
5.061012900631051
4.643344271263481
3.8304170498709826
5.215446107170513
5.43715233477728
4.56645977003753
4.603712786694451
4.89197615635464
5.106702334783702
5.045592710421654
5.449131732628292
4.552958884968746
4.563953893112112
3.9340413999848622
4.050429956550978
4.608789492605073
3.810245343374722
4.528849859291893
4.399168507612959
4.933321197637149
3.9543417977512703
5.257276395464966
4.608324318878378
4.250211315415636
4.912482056528364
5.319127302016719
5.309060551297284
4.559550722083089
4.252561071537411
4.120495172781907
4.722478866321008
3.7556114946571286
5.152077268588918
4.5654820241298975
4.992002854716128
4.920213279753034
4.068403402214139
5.448241876983943
4.736620828914575
5.038624202771003
4.586605822699941
4.435214903301231
4.607197098573463
4.411262585755744
4.922785548071167
4.5115249521391
4.49340631035932
4.352438013804849
3.8932787845054087
4.952905095514446
4.776532449595915
4.547190508058232
3.557295021214261
4.425170118765835
4.418711728066207
5.123066090061717
4.09381088268073
4.2875838434820315
5.447061172685714
4.68305729513882
4.44475629958361
4.448262910028614
4.564776188862063
4.044973981345999
4.776088183450215
5.338315525611366
4.336543452816587
4.6564040366730275
4.380413763435406
4.621345901268146
4.245100660779456
4.407565293532812
4.33356310506919
4.247358467912246
5.182892910787222
5.3501935575277715
4.2181038488300695
4.565534030509772
4.6346481200466485
4.207949926370667
4.86686940633969
4.223731135968909
4.206287183629782
5.048264518514814
4.973885193026848
4.982560950334967
4.871756729752892
5.468918645521489
4.454993875132851
3.905235153186819
4.705514898285094
5.049170709773429
4.921454838744637
4.5620862727311335
3.899062715305155
4.662384015415374
4.370235272105832
4.755826945743826
5.486759049238881
4.498486818855636
5.0323801817178575
4.269154530984434
4.436413175561394
5.196279254946768
4.354271953738469
4.3292466954565185
3.96056795772459
4.577898195247513
4.423409355147033
3.8986515413018763
4.433909201786269
4.0218022129032605
4.401109939322328
4.354139511417492
5.062427577732981
3.6959211855807474
4.58235351260152
4.1762864202690455
4.449412406402519
5.410282290573846
4.479128667049983
5.403885494431475
4.790567280822119
4.3234406245967465
4.881591667328671
4.444969334272547
4.38987769391225
3.8209690671899876
4.578640798281192
4.913987889143241
4.110017131909457
4.670619492104383
4.635551028906123
4.428641488049255
4.2926290482352
4.513912334919395
4.583000084750618
4.883427266429837
4.199637562669167
4.630425057808615
4.939590756541077
5.012575202442463
4.396443554286918
4.503756544894488
4.987942471864478
4.108269818625272
4.720712441981338
4.165077927348498
4.420256078662666
4.806687474596393
4.483838858007409
4.767375569302574
4.335651059045733
4.553496810846284
5.141560824129474
5.040321070598516
4.6713440591801145
4.403486563274549
4.209047396107326
4.34688646515332
4.945142823613819
5.269489225616186
4.791641303981028
4.5047074578980535
4.243227431913293
4.479049652699234
5.208064847747994
3.8689336532365672
4.468973895938503
4.380665162125659
4.524142731515962
4.330030285320521
4.076270889318093
4.748781084821901
4.605257615195608
4.719998295385353
4.621312373616615
4.3826217256626645
4.908100382544331
4.616436903451804
4.200791342742977
5.049150197160067
4.903021115232193
4.479614091493493
4.382942712703858
4.9574875046904125
5.979430215037292
4.222893206562647
4.873450156126539
4.902629880037843
4.375982078716576
4.483722899624652
4.54682844160828
4.196038908421809
4.779514581238653
4.068470175284761
3.9722594811949676
4.836905480691157
4.621608182837616
4.642890822864139
4.192373189430613
4.468154688694138
4.208533699546369
4.308971331146131
5.130248705352584
5.260774658172961
4.402414893172956
4.8443079042926085
5.1684294691805945
3.991480575540798
4.553712346750867
4.724939440051556
4.803770248713587
5.043784667329336
4.3884295189652125
3.8559294321631428
4.924055156973973
4.139696992183951
4.106229782128433
4.730395953504729
3.9268738259053757
5.083844149616602
4.86615676498144
4.372245461318569
4.445185948405985
4.282815514123674
4.448855731453211
4.983888597440057
4.52737492572795
4.874200138008509
4.572553356187774
4.13876388090943
4.693366682929273
5.118534558773244
4.815974689660966
4.399238494784869
5.2626921993149
4.723081346857361
4.6637174030639965
5.0024114409638285
4.931330334259542
4.833833034044339
4.621235253393118
4.2774108421513475
4.45461908217608
4.220172985977195
5.221509331347648
4.8106365815043395
4.268285144595002
4.7206975233074155
4.004166952368906
5.119161336782861
4.6620410198730236
4.603779252725796
4.3426183973896
4.9106755573298875
4.532334877190882
3.959538890512043
4.154477624166659
5.113592507376753
4.890934574558256
4.710812388551147
4.052278095173789
4.682727819409714
3.98472729364842
4.2094534001367885
5.159778212929215
4.691115888175629
4.620954241984051
4.136890482466415
4.67418937028073
4.120965854051615
4.523428946306286
4.573981985878365
5.016719470090488
4.643193758845216
4.439706726372893
4.7505105695847725
4.807623676678173
4.398949981611509
5.991737971973943
5.04739958846844
4.83631577370556
4.405673323348395
4.384079634998283
4.138870924431435
4.254323368262182
4.406543584543562
4.3450043984844795
4.627977577438167
4.4499343223209475
5.377670430209124
5.333876477007706
4.277771569108955
4.81208149402739
5.189172694479973
4.751499547434675
5.571780091712591
4.929775431271261
4.6085036834543684
4.884425114901905
4.669458011561882
4.298610128915617
4.863636423925617
4.706549666002824
4.660596483206388
4.178065183520635
4.540632935224564
4.432044855006243
5.395710834185626
4.2927965056517845
4.286152188725108
4.601640602986584
4.334551254161578
3.936794343887773
4.857696541218723
3.916528111061482
4.306932086804074
4.270718448894483
4.741590065423629
4.625239352005981
3.9734290860943844
4.878042073851169
4.837302689447631
4.933916616166025
3.8020413619935933
4.180715355993428
4.1741997929405406
4.263907439863464
3.65955641965575
3.544638296111938
4.620216222936688
4.414427037706392
5.331497334247416
4.572243370122057
5.836255060212583
5.5307155944729764
5.22801404355999
4.148419470563853
5.0016516653976835
3.988923386892942
4.179897021311121
4.498879247805989
4.363254456618033
3.5990161779637933
4.153903411997994
4.4875864997529655
4.456485961666455
5.550166962225471
4.089762737807646
4.2899974280846465
5.2577320617501435
4.336970889421029
4.761813085521979
4.83625638781389
4.24956740200591
4.749859993408173
5.12523068100487
4.903559348363496
4.348614139140411
4.590095967236132
4.588595626207104
4.773029156923286
4.159530478706312
4.70753380100495
4.609803988247406
4.785667555509553
5.302301769769305
4.945617098832782
4.852838409137801
4.361773321296012
4.3945948490096365
4.443942739658688
4.235978778519218
4.062734781044542
5.2040948823188256
4.980678079635413
4.939351708182504
4.612337230715419
3.941336394566274
4.659751191020171
4.250819766027585
4.967015965619295
4.723069468081032
4.055071372065065
4.238332064492743
3.983465227823019
4.138955623498832
4.738160088806907
4.215486525267667
4.057974302814826
4.679769729643015
5.619812589077737
4.579196538398759
3.9084517153550684
4.343210844770395
4.382261104591866
3.9372818000753544
4.845854049211045
4.566784436163099
3.879524079647132
4.588592983033368
4.651760790294901
5.06664468608497
5.167422837067759
4.477430172418085
5.098540249931486
4.390084938520714
4.698760818455263
4.278272230630773
3.9079555911915094
4.264844686026865
5.6655864883328695
4.26727560847476
4.332175968899684
3.9777240681502213
4.741222037524047
4.42841150525182
4.87689451622173
4.431920595225867
4.912750734593505
3.771234519413203
4.60070572504285
4.418834292473637
5.073406714388975
4.306156944677061
4.381613947101552
4.208119068388637
4.282361480532137
5.371025092021361
4.425601026693019
4.269780101708663
4.067793634145484
5.283970010169985
4.104923668522466
4.109206968458405
5.10460863745303
4.387574744592949
4.749035323601435
5.366307903465804
4.275077215167059
4.888777207781501
4.247656301415773
4.030513706389009
3.9883240086860243
5.253453076152275
5.208208919501444
4.503929544024003
4.563185805624867
4.712246920113257
3.780160981784407
4.010183726289152
4.272054383137134
4.670808954885825
4.25028708444108
4.9678465197022925
5.0492211939947875
4.7038403991423134
4.334011718324073
5.384370013724064
4.454754585187183
4.729837956953357
3.951732102275402
4.34699092054399
4.3389586031950165
4.611398329366733
4.750189109225903
5.289933006289523
3.9663878000418284
5.021605622648076
4.665119467248217
5.0782031871614635
4.488487659629782
4.339736297865513
4.732658536954947
4.426352876631917
4.187553406218885
4.1597369884019235
4.835742819922048
4.905898896390627
4.516187482339733
3.911673842796443
5.681882448700455
4.253484518512564
3.9400321521636896
3.9633937448243626
4.686662706217781
4.467916634352321
5.127925960253139
5.472826942628053
4.444133024251186
4.872119646249564
5.359438491153962
4.718554310006621
4.377646595811693
4.537186230766851
4.295605915804254
4.8053806145779046
5.163487820879142
4.584836307260264
3.7119471062181875
4.023306029081384
4.8865186794197655
3.9104297285263083
3.7635788589632333
4.917386757185333
4.494951380775573
4.42362141361709
4.246325052598493
4.297570963038618
4.504245588595756
4.538396180347346
4.477537075349803
4.879369685466071
3.8326478172187826
5.287086922809449
5.12783698120351
4.60448905103312
4.799578759837756
4.689695880678411
4.443913962395601
4.589940551819978
4.483433805601734
3.615888081966737
4.3652920867930565
4.460779465584867
4.949528087000453
4.9201934231630435
4.723365670736756
5.240130710766708
5.072802230053808
4.80697243258553
4.2571459546161226
5.205901982450046
5.525269266485911
4.330500521112376
4.554022880328833
4.1466139036228515
4.845562993521593
4.617897591776314
4.60016446751889
5.008432004648822
5.283576715072695
3.8937850141441808
5.135465765602112
4.7596857885728925
5.187002226194595
4.717117650835131
3.9475126311619952
4.744070778110862
4.837299823633608
4.328556771561344
5.271552757765052
4.970350344598253
4.2828148759781755
4.597558664920741
4.385231321483874
4.6680783558181735
4.8496482946002795
4.630705162545666
5.663909614748816
4.757506714595614
4.794742701694963
4.519133489420988
4.961220499343506
4.799203881708348
3.8423979638819583
5.053370640917819
5.073782537138137
4.111499257498759
4.441798203137631
4.950430452275384
4.741933624006874
4.406484773958005
4.629804510462617
4.553225130576917
4.148958737004015
5.5709150849083775
4.480553521660524
4.293682410587507
4.6035991702278105
4.895515114978629
5.016639529908271
4.7567564353058716
4.953045254598488
4.898955951654307
4.128455775128308
5.546268080806527
4.537991000588299
4.168860734286329
4.0437223606770685
4.730753939420157
4.474255307900984
4.359700509518273
5.016869671494761
4.560531906056172
4.1773111951835435
4.643476635711449
4.088894313040575
3.7015218349516985
4.932831704335782
5.121836409973333
4.131721700113387
4.56258088993544
4.632590854845951
4.348965915340295
4.227507267493179
4.171350684728175
4.0255213889351635
4.682635099545167
4.3043834850560465
4.2946461515494345
5.833869223050225
4.810493949986414
4.173197337723493
4.3654343842805
4.825252398397191
4.795843244327668
4.132199546384529
4.117172876693309
4.649980588815105
4.725646204614697
4.543156927272246
4.978751720208912
4.254045258462026
4.820206091643017
4.502994054955771
4.802070497650248
4.581715620428602
4.189719850612115
4.000313999445114
4.631504971690462
4.457441936815665
4.803220533741755
4.241618801402351
4.676873086270634
4.503418147514049
4.773616149062568
4.467518473921464
4.769605006852824
5.05599614765025
4.2910640504033815
3.798544949183024
4.844840693746804
3.944846562149424
4.890489303594069
4.921723038095371
3.9501425751614554
4.545184596540684
4.275515347542797
4.113300095405979
4.166535709654125
5.156050966763301
5.265661562865692
4.70433666692464
4.507383681896275
4.292182593323896
3.1207177085365387
3.7248684692139804
4.69851920460193
4.740676200461874
4.605382884253583
4.270974907151637
4.442418349650458
4.922312222992426
4.015219812377131
5.324215681765051
4.742230035500555
5.576274935197138
3.9102763675661634
4.59230091613108
4.521652272372956
5.313186314181233
4.19570180445963
5.2952401145768295
5.538046519354988
4.457250269002546
4.485428179514852
3.803371172202462
4.673366276112864
4.72319141741537
4.170204894217701
4.476036820028782
4.230865925957951
4.338701416970928
5.185518907843878
4.1744265424476525
4.653354640732617
4.171949766153512
5.173036281265657
5.098332950576932
4.476857387360234
4.384837667621385
4.791189455562482
5.081279430856731
4.687884829011457
4.435689859515189
4.356523445121089
4.229326821206464
4.234265939430635
4.152594913574141
4.225086544265057
4.801214631203894
4.654829521431616
4.742620713886752
4.34547217668727
4.752699286769243
5.385217151985017
4.2490136991555545
4.357663000724657
4.935254857031812
4.64291553366686
4.389798636582401
5.610861798146634
5.590353284671512
4.524320604869318
4.150886920949739
4.617243952232829
4.504466232371637
4.042239374445354
5.2491998237514474
4.49090702226081
5.127274749441271
4.0182387433292295
4.267114540268887
3.829246372252689
4.318522867524958
4.332190483696105
4.891190956149732
5.0956223674090015
3.909437588732642
4.7827095431077735
4.743391455624209
4.595569448883866
4.971494588867407
5.297138023337878
3.8460745906203067
4.95737276224645
4.647507970529894
5.128318088827165
3.9230620028187886
4.469091466560875
4.403479368831723
4.176428239184172
3.7245985851536654
4.806801088048888
4.141541319635369
5.544906786619205
4.55984700188471
4.297230596887995
5.177200425955068
4.216743502656199
3.978454870938237
4.0277924858969145
4.90806734670894
3.605681081305975
4.450366164960897
4.722608357704469
4.542270585190986
4.615530063212056
4.946077983323748
5.41701698996071
4.161716591919551
4.980452849936078
4.236529399264732
4.917460996928094
4.95056861729886
4.726145178422179
4.725750023466157
4.212881073746371
5.144503223879031
3.812388329301148
4.394526781824816
4.377443974741591
5.278426024539464
4.581115931776157
4.148468784620676
4.222160345728936
4.428841401420179
4.116016812046977
4.360658587828446
4.301874450495947
5.611896002387702
4.926765167965827
5.39702219176085
4.491489288299534
4.2087096042287495
3.5828576496608098
4.1316451778378
4.325536432096388
3.8869232437732557
4.235863806166146
3.8089695370625924
4.452673659938161
4.050128528846375
4.6632917727912595
5.924775993533864
4.4512791215534016
4.932820533323068
4.254571786741671
5.132014149305536
4.366505833085095
3.9710904549659922
4.809013460232154
4.092093739178785
3.7939433040549657
5.137282433892281
4.525399252524073
4.583659577653506
4.825319610577027
4.556828664775663
4.36355465810092
4.470349347456019
4.705309603924078
4.494392619716184
4.62512479236264
4.0463888246743425
4.983797092739051
4.7078484476097495
4.466768841618883
4.909091126686928
4.364878666737758
4.497479240280398
4.702260029652229
4.447921626129266
4.813635370697694
5.1188343971623524
4.909362758698894
4.6933138993601045
4.4956722912947455
4.346874554618795
4.877662784446854
4.905448350845815
5.1951431345328345
3.953099391798899
4.763383825282258
4.202129112934493
4.682479155346956
3.4697605854561124
4.57426853973361
4.097077595467998
4.6643933897671515
4.6186745490378085
4.729119370234234
4.345660299568961
4.714678345711848
4.267260847983309
5.345120146174259
4.936669408812455
3.8622216206478517
4.646014427355466
4.814549044464455
4.833219230346336
4.695354865495219
4.830059260415373
4.681190652655998
4.117051465083601
4.407925925599647
5.056351078856371
5.009763089890011
4.084638576204615
4.143240741989471
4.820432975496449
4.7383591494891455
4.524006663113494
4.278372387721152
4.118272508186212
4.721489106049503
4.985405357122147
4.4574410207683
4.152076287437463
4.2198575796790285
4.382953968181444
5.629914536108738
4.438364704850122
4.659338481073509
4.8439558339291695
5.037542767122445
3.8090538156074323
4.261241182050093
4.416296913332218
4.5948327649624545
4.370936275542428
3.875277799492761
3.987531399821144
4.313474032856707
5.190455149971523
4.66163234728874
4.497481473050258
4.174829716905945
4.661034610390505
3.9705197153072405
4.343352240089549
3.7241365558301642
4.425249507411837
3.9515041315334836
4.460068455480879
4.279395987769157
4.425804780513624
4.350564092728855
4.469796346335662
3.8159357743109728
4.149971224304484
5.013390401202181
5.278089294362249
4.571460959912807
5.044824414613719
4.767764440410141
3.8088590714252506
4.239126913322055
5.252766523126402
4.80554224684358
4.927514957006812
4.4496804027722145
5.267678070598114
5.47373124549121
4.074397630490972
4.6845325170224115
4.900634407039747
4.820631689825354
4.079115980741237
4.093181330942228
4.215211711950382
4.68815760082707
5.163945157173585
5.129225350211312
3.792695375410327
4.225021851734128
5.1665599591847755
5.118360787242304
3.911764073180954
4.345345092259689
4.6063580907786426
4.235844975880575
4.548889520812562
4.54870385848339
4.497078884130569
4.641999665375305
3.5675131935098023
4.560430813561009
4.410319808760492
5.456396910049842
5.0532695856441086
5.033691588708406
4.169157774295752
4.127382565748022
4.563833267657691
5.390717381964998
4.434018306528776
4.35537671428427
5.0904286950919095
4.456797949027508
4.326433217298212
5.304322141367457
3.9086189300863867
5.3917188897071675
5.155631013943289
4.57445086014736
4.607347418228416
4.907241384873889
4.797945568688305
4.451255318845933
5.162170119244741
5.087921416473799
4.870837545415291
5.361021204595006
4.366210357863896
4.315133382981601
4.581883323346292
4.9669693999513935
5.205100034912586
4.863859690724108
4.116742527393913
4.828987113461996
4.306898787051883
3.682222552434651
4.950036483362375
5.4334495773496
4.130093935432367
4.636480337794271
4.075974419255259
4.683571915644534
4.111269056256528
4.090654122735771
4.811191211816075
4.71299857406934
4.49305301939498
3.9079277609302
4.148023549126825
6.043785551088402
5.285352835485272
5.099112189213564
3.840761098060464
4.744867569404811
4.320908478070261
5.011229144537364
3.658252112646508
3.9178092061508485
4.68793902331678
4.579770911848779
3.7952799245474043
4.3775484544251455
4.891629320433807
4.952243862120534
4.937207131385083
4.936448632774665
5.661980627681291
5.08518262549976
4.7232877772197135
3.9576620496092954
4.55215967405801
4.672546889641398
5.055905798490485
4.089968738869431
4.312735742329718
4.382871830960028
3.9150230275810225
4.3694356977375906
5.102073970616026
3.9282643491360956
4.58488295640751
4.655272442572565
4.322675684914464
4.35036868658392
4.487701150532301
4.377383959245196
4.17215455105662
3.883046517805553
4.556389021818556
5.0071642270337
4.558916903873244
4.926846547678495
4.903006319248968
4.256514061401566
5.092020526518279
4.811402302352465
4.613923259782968
5.03886900231986
5.3441170877062305
5.572070190230033
4.84065061119781
4.76695584381472
4.943960465934459
4.736859685285415
4.6385811667175005
4.254362737021654
5.474574378082682
4.401502632584595
3.3969841726189722
4.982252527729464
4.17474925762426
4.503327892449767
4.13744675039803
4.800775544071361
3.812645429988728
4.081482692196036
4.018464132897229
5.311377579798282
4.9060550541413654
3.854950517280345
4.1526364232040125
3.744367950729712
4.335442647534579
4.219199650410137
4.691533623823073
4.626497528233279
4.680086846906495
4.5815740389101105
4.121921493508755
4.130568204986266
4.610625612787288
3.221380435986481
4.027234300557652
4.433135599350489
3.828691195761274
4.889136790840173
5.271980902795553
4.66146936237781
5.195674636501978
4.364436289416528
4.9939185524962655
4.8952415461499985
4.188853955462346
5.028387258131088
4.519023961671984
4.088762357443251
4.723327657052849
4.477937516648308
4.34421868183071
4.4135241828029805
4.398365609583571
3.745764506582238
4.543383330101748
4.703770557952187
4.83647192441899
4.013560323629268
4.64890929525596
4.695658772686353
4.326382109847149
4.483595707772997
4.416777182828549
4.63751493616736
4.604959679583878
3.983823422226824
4.362844152004392
4.9445804245705665
4.616043890604947
3.9412574767570536
4.870931372547121
4.132399014525536
4.317365740814108
4.517438482226778
5.037139097988095
4.616725261335066
4.53442399360635
4.78698416446563
4.828119159086809
5.346458231096524
4.4647302515324885
4.450255948758877
4.1180620270405965
4.522847992681285
4.2757316014610725
5.039857912899175
4.501940649528601
4.380118109777208
5.103590422054528
4.820532999577041
4.991415390785288
4.75524781637513
4.614814129403633
4.8490371506169065
4.264551824842676
4.419936809735068
4.529338117450398
4.128680890668163
5.129745026584795
4.418192137484878
5.482793585177178
4.165155743033447
3.912158958449269
4.331640470561445
4.517551071697946
4.24926639622412
4.47783184206905
4.449239162096312
4.901407538352362
5.0888922493463244
4.346296287782416
4.999607325550065
4.60083918325602
4.836768024087778
5.010119018889926
4.8009493669251375
4.433038886772111
4.095876430455752
4.164668445197095
3.8203716043095386
4.320037713280658
4.056439373122354
3.9561833924528518
4.408102533101162
4.431615731544264
4.96431320781406
5.188553484031363
4.6183042135282655
4.348466371447595
4.739680777655119
5.139562156400873
4.674994862495135
4.997657386628609
4.8379083095839785
4.178706848638269
4.573007252259556
4.280384801514339
4.846152313156616
4.878375819053654
4.562026748270165
4.442598378620897
5.040917655549034
4.362229756187383
4.3137487449284215
4.03232681710767
4.1479736575800095
5.086352499688651
4.391710300234674
3.9052504192944495
4.894055417385125
4.379713318589083
4.213477288955169
5.017506264514234
4.5081247053244775
3.702452708697692
4.737011668153469
4.485307563885788
4.981155249563159
4.713143744902001
4.277295095184168
4.857378241183436
4.930144075395212
4.4512366430457115
3.8498515742423667
4.755021055057478
4.256722412228206
4.024822344759592
4.136859977725755
4.973928861843379
4.442710132791634
4.4285258495223
4.594101057924524
4.461336486180438
4.13076413757727
4.718941459762304
4.46546151674996
4.659463931882776
3.7369051708837766
4.722480550486935
4.466768672747926
5.109038248079809
5.056566062258803
4.2918712173322255
3.436423623434582
5.460619472720981
4.558093355444736
3.964717476229271
4.679188825842365
4.024243963084023
5.025343301185215
4.812352018462883
4.499452832354072
4.530456903284932
4.120265009184089
4.656414263067786
4.248980510692392
4.167727863392936
4.48343498071856
4.614441731243593
4.101694069353084
4.996690972163932
4.983487544918563
5.068258344864101
4.140194490283552
4.448134126116604
4.6072028675674455
4.549818191659658
5.121888089710457
4.875671449016689
4.830878652208628
4.915528692884567
5.122657895584331
3.916577599399532
4.786278470323813
3.8873004630592747
4.630843062256001
5.041022313600372
3.783439149253298
5.515308905990167
5.362806927705718
4.126915761020737
4.324416540953711
4.640313354396248
4.481358413874401
4.612643834082385
5.126491695444962
4.652460291598827
4.693590614965993
4.287053521051595
3.76461630560113
5.004672664678058
4.473360216103598
5.294899854791315
4.3195901417753
4.176629758350805
4.478317317320555
4.34661913782036
4.309092041706548
4.788055479764332
4.294798018583069
5.133595052213848
4.759067256641609
4.461776974213895
3.9928868128700095
4.6963899015798205
4.864874517050191
3.6713401304521356
4.6694825065504455
4.600407368246925
4.354647791521631
5.091840626622261
4.672998479953566
4.835708541491557
4.732866813031576
4.814941942345182
3.567925956616106
4.606037928076158
4.547354190169763
4.982462766661195
4.450801611490532
4.809037330556798
4.580925340888976
5.259974095407435
4.635313003246745
5.226636226272129
4.909329895165861
4.45892759859476
4.6896771069228205
3.7857672435607355
4.822194972090798
4.167891667072679
5.240627485000346
3.6096678793195367
4.906925577253286
4.044120199177774
4.47837844761996
4.519287656054025
4.2728082898775375
4.713700698759715
4.14164544509838
4.948074285425211
4.206739557794991
4.31148403834106
4.627773609691565
4.576927742409891
4.975225072833565
3.3798800934780773
4.564416740547455
4.352434544904222
5.133596918475071
4.975335374541662
5.407380941737643
4.502269814936091
4.397778539935266
4.714360511244543
4.533171357087766
5.07061913421506
4.8454522547742105
4.888148142303562
4.043418726459179
4.329203410352005
4.643505114309742
4.30283280145682
3.8745183532627405
4.962897711218618
4.008130042779053
3.702500892338484
3.9024222486552635
3.9988020647707274
4.5019196012556915
5.322635665162731
5.1224081840867415
4.472590773152046
4.074587931730996
3.9446797465831818
4.5430222899488015
4.228609431611704
4.279486750791549
4.41313627448623
4.372441339977773
4.8197385917981
4.501499858444276
5.081902902966073
4.874737886929437
4.014548185824713
4.447313517090685
3.938785049300876
4.4656950921098835
4.784456385882924
4.975036519475236
4.4025349767181226
4.939112334518058
4.148536159255123
4.1463797287040585
4.565396681389923
4.139357930799419
4.2449543161518815
3.697952267943697
4.351606476205746
4.324801448391429
4.417680434395766
4.017968684820492
5.250080541515336
4.9242412271565374
5.18227356074594
4.402136556238588
4.139375412975693
4.990287098751358
4.566782271148895
4.583053078816473
4.322236318519617
3.496975111822265
4.37545049458126
4.3554831533828695
4.530305366138121
4.733315988336232
5.068304715118781
4.626687731622479
4.873013431384488
4.774582984567062
4.07197587286697
4.635345135975276
4.643301437416251
4.712647465958766
3.90904118088314
4.527389587302246
4.516405046147055
4.138069955531444
5.227202726982854
4.611309020675808
4.913035461624786
4.989406360128768
5.246841762346672
4.268166284989755
3.803933934369057
4.78150206473891
4.788598331679433
4.04457975613492
4.280267166943143
4.287819169857416
4.868173667363411
4.664407344096297
4.165521076547412
4.282552452399658
4.114886536559069
4.184937058402287
4.139719781467203
4.459852359644789
4.805237894148488
4.43812022858648
4.639933110274263
4.275830176785256
5.471615034528145
4.5481238032408475
4.500870799851879
4.476546052290259
4.374437760470839
4.107833940021412
4.019591556347375
4.191417701557557
4.6263399727981955
4.863823186797343
4.636250533949187
4.621615308021227
4.493014297375119
4.299608392090863
4.250277840043159
4.6976943812073095
4.486231673061008
5.0164748644582025
4.727962037251687
4.257475729254061
4.4677973725450855
5.051237605861937
5.3336604610129
4.693963088722293
4.491012257765231
5.402731178859359
4.319000226923423
4.143897854777202
4.753104935986696
4.373286437099247
4.020021930751834
4.956173572460685
4.2232377517610065
4.863616976734204
4.705860991975906
4.292696875818955
4.7774219748221896
4.500948488574236
4.378567173814259
5.112282879185185
4.0438692404617536
4.40373909671195
4.41406876925944
4.646557981362048
5.182167445221204
5.116624725705524
4.154636147439455
4.912924193627415
4.0771521914010975
4.573702824981394
5.028452474718209
4.265533554858487
4.373402189430002
5.168313060938856
4.800411281424555
4.349243943760245
4.178232605027311
4.213284882829683
4.209890540583379
4.638409492463255
4.4366639218832375
4.404425697181041
4.585813867296322
5.082998257413273
4.634149773194176
4.736226092077614
4.724130746761609
4.3606712509167425
4.265870126557861
4.68700464068028
4.637075626728899
4.215704127266517
4.43546915256789
5.091274672048998
4.885760823756795
4.209756836158571
4.549634958081087
4.274992768803711
3.8509485548630575
4.727632902177549
4.392855782428484
4.839284165582407
3.998145821764829
4.877686958048146
4.154133204887307
3.860776350211902
4.775810878821184
4.367847805774808
4.1774829160584686
4.155902592209135
4.47909310048925
4.260234208342744
5.1932099177544115
4.528432437792527
4.487807417814924
4.49537127329366
4.405997312068188
4.923683821198299
4.776656042288515
3.818086690998766
5.315103586473552
4.134370874205049
4.365664640250384
4.477130668393135
4.115358610349342
5.035058784271174
4.988148307946251
5.056465104228032
4.430835869819502
4.6656607315528795
5.25996152899146
4.70553137207733
4.382082599920718
4.0825778394684376
4.164377600621498
4.812653848845432
4.887085625654632
4.583961127429365
4.5888337974032
4.0937252614195625
4.610035210808611
4.378653239327349
4.988079245640514
4.492724480406864
4.204766067995319
4.82059047337725
4.586501479581889
3.8040975065165568
4.274919827562992
4.249618869714339
5.076252251063433
4.256976758962661
4.821858614448846
4.42925284667668
4.557510874367106
4.541975177618177
4.402781220457776
4.296589777164821
4.74695428277792
4.522663568243087
3.9521238654123456
4.954580225564018
5.175067635179411
4.312455770456653
4.917367408344959
4.569805548495946
4.31406685493772
4.725297248116864
5.283369342472242
5.037394735302987
4.300464325721503
4.481021631061159
3.6446296557410824
4.382061309562598
5.00030860201808
5.719354879954971
5.295583893690023
4.637416287667963
5.293138973575676
4.885011662125353
4.582905558936689
4.825275350933719
4.923473486639681
4.779593729249765
5.0222761013565
4.243175736020847
4.421301750730468
4.839011769740962
4.029276203818893
4.660094240018728
3.8863637936641666
4.234788372755635
5.0565733117589176
4.525702455275266
4.126923728517783
4.598793751377537
3.916135281040268
3.984463782879064
4.451303160564358
4.857276402595651
3.9308089229274006
4.4798690181592615
5.220466048194674
4.171910405052744
4.401074060845912
3.77591632010911
4.913378934229425
4.274115415087069
4.538914306014739
4.24882585768981
3.9429656062884813
5.002082060252666
4.77894731314734
4.696411348895034
4.2667690642076135
5.092884032588822
4.609993213806279
4.809481176950253
4.660633086069959
4.507771002995653
4.4254585464751495
4.49947771627465
3.930663806508619
4.942235221091263
5.095273954526599
4.197875008666979
4.339684580468635
4.061163712972311
4.4380669753100666
4.423884038619052
4.819203172643686
4.18348259051185
4.382759957912228
4.604251187346522
4.887092480295779
4.14573473394156
4.588713320821374
4.02351067646594
4.624311355167281
4.764825106072411
4.293504295316213
4.812088602787098
4.761376000711147
3.7827025703861166
4.819192490783042
4.45922903468019
4.6749089413901235
4.58083247563027
4.71475904684099
4.43065990335825
4.747585302597652
4.1844985245960995
4.4657582428658475
3.7242866760210798
4.721826727263874
4.670996640923165
4.148173804221953
4.701173915825537
4.260037721119335
4.229797936714145
4.196095976744465
4.187738101003383
4.25871902261156
4.870958614092332
3.968378410658956
4.4436505185109505
4.86124714663415
4.378452286882287
4.822419716578405
4.786790047403429
4.4782194048277715
4.565795746114475
4.693900229213056
4.612650321918923
4.458552363009891
4.668820589715847
4.824741773249164
3.9649107850658414
4.226754198394726
4.45936967904976
4.570123816923046
4.912248951371067
4.309857701890449
4.540797244168985
5.371385874682435
4.076330715758754
4.332338337049392
4.649002423586267
4.90394505461006
5.179113482067077
4.238308065223366
4.67798735240769
4.930060108724502
4.526312028462537
4.94653728536131
4.734048483320443
4.499782594712197
5.325732919434993
3.937666131821218
4.6959888434859725
4.468761990045005
4.031306437359889
4.270365447669872
4.0714133182564
4.335834185318359
4.297280693428556
4.646448926712179
3.9235004486474905
4.255955415016873
4.790039521713475
5.048877206208746
4.837937923364888
3.567563143186624
4.477099615804066
3.9338539319556367
4.833831265592916
5.796661948558905
4.428883737621585
4.405922100312806
4.270802615872315
4.464226026287389
4.589066658126129
4.374833870159237
4.670744247384047
4.084996886345301
5.214454048796701
4.315817985235113
4.428314057225417
4.340760435353017
4.3099044771394714
4.426205693704257
4.234300450785536
4.198169712713847
4.314425011718705
4.321750252443746
5.221798507390411
4.185656598484417
4.368653710415547
5.095371948693026
4.679172612022874
3.5885072953581307
4.396130867219279
4.2039620236976525
4.902649949401459
5.0718221051719174
3.7949730171560536
4.473780960161481
4.576246866753077
4.416030756977931
4.541856539252139
4.523031448570243
4.700158710607744
4.518682143454083
4.748315311860024
4.249571268651771
4.631421310425751
4.713510946367264
5.213710946585963
5.040830561366272
3.931251019096798
4.680385339949496
4.17208963395628
3.9198403409046305
4.413390820885788
4.050904515150405
3.9948345682966018
4.71693336666397
4.445228251264559
3.882337404534399
4.6462891443743795
5.090724569223956
4.878134345145689
4.425617606599922
5.177689367409475
4.140243691355223
4.8434298595048
4.630083107734643
4.686103418113854
4.923251906566068
4.148482831752954
4.342362263287438
4.5290178261253375
4.363352199859957
4.153367687494509
4.379772338398513
4.432682035304965
4.955212882023963
4.890135368929808
4.0633693411116845
3.8900869677614476
3.873485519727075
4.809439994570936
4.129126729242129
4.097874369132562
4.2138161519809785
5.071112798838623
4.741245853187802
3.568734492146779
4.580261786339363
4.498513059780665
4.550669760266836
5.792851015646981
4.100764984835083
3.8464345169181824
4.334868550254883
4.040917224155753
4.934912551133612
4.607096847719556
4.375362206098427
4.261567828692638
4.5997592095578606
4.5016893775633005
4.178203432585218
4.772532684854689
4.02680722714486
4.529855971341806
5.101209938310304
4.700848901283409
4.688426874676248
4.4272246871099705
4.439080952595806
4.967643591824405
5.206515165620131
5.358818713255835
4.46168783179094
4.582847341425046
4.500723050913768
4.023464696552311
4.353381120616628
4.603057287759634
4.918685008193474
4.310661316074734
4.7584704842493615
4.696826875197381
4.292135409801718
3.9260678259455584
4.627915933611021
4.3356597775478924
4.683647970427846
4.253828418659977
4.019614321159184
5.010368666339143
5.020821388370399
4.811758377780407
4.4465056518185255
5.40284511626423
4.103274919061631
4.313556561056738
4.317890139040297
4.296058015948748
4.313837165357743
3.9500979176748148
4.18014727303845
5.081700177825499
4.173186614668746
4.1929134411932605
4.869241082191215
3.949450778119089
4.138397839391204
3.984648258274839
4.9558784697438725
4.892858615549721
3.9939271630169118
4.337372673019407
4.33654019991926
5.0703176526552545
4.194182984092345
3.785874442247366
5.168764438562642
4.71214728018972
4.660262422616509
4.476469694755783
5.1337734129599815
4.064380837774993
5.0480137217898085
4.801698301174154
5.038811765876554
4.135268181102021
4.721552316473809
4.218883295497186
4.3622261552201405
4.79425423576994
4.663185544846541
4.422738734109223
4.365353201521323
4.485335812230511
4.690088515751349
4.85633416935416
4.3403819670291925
4.296164852119033
4.533901847049339
4.37212556489443
4.48222912002037
4.648404291831766
4.6169727938780944
4.387496628859616
4.677476387585927
4.9372417857145585
3.7290267104118793
4.227963961052725
4.455070757864415
5.862448475244118
5.1016149705160325
4.23957561587685
4.4258232593858535
4.754723551856891
3.6617406945169004
3.9969662680031055
5.024410763470179
4.101207626338028
3.9977978042113156
3.950194523105812
4.833633921426722
4.358651302840089
4.20064496213474
4.208303029520042
4.630811979952061
3.8700966870644846
5.84881238365147
4.327994504178415
4.522542370459872
4.7710134996453135
4.236650769073107
4.750736031421829
4.807103018948157
5.151557295161076
5.082281955951145
4.289019480192308
3.766164522951042
4.922289093268924
4.428186999103401
4.074219579708444
4.366724201304822
4.677631270818196
4.026568194126468
4.502674691531107
4.085607036972691
4.971310234735827
3.997005920913637
4.6872986320436345
4.93714243259497
4.615614866981015
4.7764136369993
4.4462962647615765
4.682516088985409
5.194654490416017
4.346226577251291
5.055363035295245
4.688958036309489
4.188898581512252
4.560948326157999
5.229682113324672
4.844354143946081
5.632874812931603
5.319485495773672
4.830457937603292
3.5235108192321722
4.318393645414351
4.132880164718136
4.386384782883408
4.341247865549178
4.979769129872573
4.427916932392228
4.0524923607504055
4.902564333767537
4.005854406496753
4.626787700349331
3.577179989682975
4.471392934571922
4.043135520793426
4.192707690064785
4.6893069747387415
4.469454582006732
4.224373006364622
4.374145986982497
4.297468516330356
4.826907165357359
5.6586766506937245
4.192430077168759
3.4281468279862533
3.9610101107017206
4.877070194389315
4.367996589781052
4.899397851005174
5.310759610943657
4.568355741282745
4.2281748735373705
3.8949632400129364
4.6949267822847025
4.3115658659501355
4.484008685091419
5.183964042523053
4.379790793752748
4.6693499129725184
3.967790801499185
3.8664325670963433
4.540930189381019
4.2880873608974115
5.0325258476330905
4.963555145432654
4.146089230612317
4.094547924986665
4.480106945635716
4.226532820162143
3.9885221524482737
4.430785771623828
4.353705431328731
4.157101674526309
4.638763855072659
4.518968006025754
4.196413446545668
4.614233601857566
4.047727910285497
4.930714739178342
4.323695104992808
4.470923106874949
4.509770970525358
5.72465558867951
5.238079029284577
5.096456957128063
4.615719677433767
4.308182650634417
4.442485467903328
5.519887172767208
4.9282428308481245
4.6630204676538005
3.995319785259193
4.191067433787714
3.919535049956678
4.328385359900235
4.350137703070686
5.052952120761422
4.46990183212282
4.83777352977399
4.556041625418699
4.689750765418169
4.849319594959489
4.312367666139629
3.793204351215539
4.7523681132973685
4.701302099080858
5.542398514684798
3.9760785335716924
3.846189112108677
4.190247613929483
4.450018592502287
4.660972239340072
5.033894177750303
4.392388774540081
4.723140501831552
4.195305864439593
4.5662217337684785
4.171999264737106
4.077196195137603
4.9849714700944
5.1164399187256056
5.236222193545001
4.250974360910235
4.875675661504073
5.12934760504726
4.598173093089977
4.427108879312364
5.321536854981387
4.453751084118943
4.91332845990684
5.143246062422529
4.362355907417668
4.505779706853466
4.360881259721392
4.73026413302907
4.546488113718531
4.224705979875142
4.202255952661015
4.531414645139782
3.9600055527880427
4.17301103703956
4.662177342229989
4.874584995720753
4.774067106394695
4.02996630262557
4.674042100753378
4.894282514129266
4.599780846140806
5.704849801882869
4.432804778641468
4.080122984690854
4.289312035143866
3.9963901508224278
4.230897550738401
4.306932322771945
4.607482156795098
5.161339401842076
4.1981284449558425
3.6822480490211165
4.822386479547918
4.1996229672567855
4.311446697849129
5.0752366647207685
4.332694724199976
4.108795196656383
5.307385217321599
4.78134910480985
3.979527165205672
5.085330606919514
3.781651353955103
5.087464826325089
4.241823792508566
4.185923088998923
4.596493887290864
4.457758017176276
5.150004628967473
4.263314296163518
4.64893612033553
5.016015117326316
4.290422403973918
4.011208688583315
3.686527275972802
4.99669935472872
4.485624558744618
5.011931884262871
4.255906138886227
4.324230009307291
4.192052350265487
3.882783714209558
4.805154567404536
4.651071920134723
5.48489078500622
4.537345680162989
4.714442758987131
4.197136920635122
4.461067615889281
4.516801995627713
3.973257106014066
4.656102931048028
4.105212031845538
5.099444671257056
4.573191639344443
4.061120415931025
5.088371632541409
4.590317202619963
4.530991869138644
4.727257832630233
4.1182552285202485
4.478023795172662
4.655041793459718
4.231777541171435
3.875389284118292
4.711207104429231
4.464111979646177
4.2467424997439185
5.365945079976736
4.942741136194565
4.658896608534867
4.620804692372684
4.557515923235848
4.427169648525447
3.774230423614495
4.901187601755282
3.7097495217300684
4.187373405516583
4.8415656656190444
4.4718555045846395
4.274579994267009
4.511330983766793
4.740905938191744
5.034090764785444
4.160240720360181
4.5733387171553055
5.273698719541464
4.341223028289772
4.742847637139689
4.569225185814061
4.328156542222665
4.383171193052814
3.8419731324741875
4.4419962221016345
4.437131296288574
4.272088047895921
4.7000051466239094
4.166971842641312
4.428804957657946
4.1498303943308406
4.287326048756515
4.8488019480611735
5.0469734753847675
4.653651231801894
4.76239194968041
4.978921398306858
4.15119784357258
4.695001093211714
3.9322842552871626
4.816854789445385
4.5151091575936
4.579676133196965
4.267729195914992
4.0793165738728945
4.412685991176897
4.393295013777324
4.553450267751047
4.421207027765072
4.40307148607213
5.259594552818649
5.244376379278578
5.594497252090965
4.254638417409756
5.425996390591079
4.263479994545506
5.025206458211194
4.303100568996586
3.773252251075178
4.468006560100273
4.036924218120242
4.683289783692175
4.071889833049853
4.457921386199338
4.9164393620361615
5.05337577719817
3.869377161608427
4.1975764020023245
4.535312031319896
4.2455013362461
4.511012080335022
4.707761534012189
3.736508440732606
4.362898569391945
4.641298477788387
3.962268614354617
3.7755415694893446
5.202379106354304
4.8738482791300335
3.9051175143898558
4.659294683684042
4.403693724613635
4.7088059130736175
5.035976891468696
3.6493052951431517
4.764894612458792
4.456719163536895
3.9793644939284376
4.71308182924425
4.712298791244643
4.509385294121894
3.8372936059344527
3.922397225629234
3.8456034136591346
5.0982223416943055
4.1933996839995835
4.999895705990505
4.303147763762235
4.991599630199373
4.089858828420264
4.119020829040529
4.458106195329654
3.743188113989319
4.209076579748731
4.031864748134455
4.93967200504979
4.325944986095716
4.541301404373401
4.647961543077285
4.420484705163492
3.8322968332941207
5.1918824868447375
4.719353657823261
4.6612920949980845
4.465183746098938
3.9745409961971103
4.566098228561339
4.3991896138660085
5.097827424555425
4.739029068401189
4.766875016176215
3.713992557975657
4.621604510649197
5.57740274686704
4.239627961277635
4.69243667969505
4.064753423854281
3.8478986839159157
4.211171243734576
5.147241542985294
4.879220369812305
4.852349124946129
4.699985746708644
4.580857729495753
4.247186137162513
4.276447993724465
4.685777652826983
4.483434512542138
4.855070511144948
4.686256782657947
4.858190128759036
4.233843375896055
3.422154282989533
4.464324755753887
5.014497717513808
4.7663907085630095
4.6393742136865095
4.807741488065916
4.4368173549050205
3.907004334132644
4.805140175857528
4.671570072777489
4.672004834419276
4.2806271421812
4.591944844747881
4.2389351865131495
4.203853598727526
4.430204853152997
4.788198711737153
5.290455863999891
3.9801070990625496
3.801104893683054
3.7446733339020533
4.256928105932923
4.770406247592166
4.1365979079841235
3.730381298465296
5.079711222476816
4.646579763225551
4.449884347861417
5.771662462365022
4.234540382879528
5.430539193101715
5.245262292176919
4.190936732213633
3.775959754295381
4.60969549063794
4.922662282367038
4.5605617129022145
4.644385047741228
4.907777558546696
4.705251024452806
4.164694947939934
4.518053440518518
4.166335730154614
4.542209060468947
4.887914748474526
4.591372082362877
4.222786067572499
4.15966617207577
4.503097006023134
4.899238972565291
4.764728382130978
3.9845409583488047
4.166950639293712
4.970856477665439
4.614616357835216
4.593585056262043
4.614066426941589
4.496451435700786
4.233802819361079
4.919704631237897
4.52418649299442
3.9432265768272696
5.224045491932061
4.93517315662875
5.314762879834749
4.221201770920201
4.668867733797389
4.885653187714727
4.737193254604697
4.441593447877944
4.248611888141737
4.536980416559788
4.720854578953815
4.530506649309583
4.5755563933149555
3.936186168333197
4.2713601502428205
3.501596670118969
4.598451253849365
4.835533825564131
4.206906818300254
5.193159936161252
4.187233466595968
5.232303497809122
4.829767478492765
4.655420117504214
4.702455204634921
5.250279817480983
4.400024662442202
4.451068227811383
4.313783283409662
4.334492869268768
3.746986395384395
4.088065210174767
4.843366232983981
4.930524269866448
3.6160857638725834
4.7456002647654145
4.188600313253624
4.314121208683034
4.12231286496276
4.41348146291189
4.647043571943602
4.430081904479218
4.693434225530744
5.225679807931767
4.839332199411874
4.564573846723606
3.750319361498521
5.074930008996017
4.5477276528569694
4.727807974121295
5.127103770001955
4.9686133093885125
4.889719980113477
3.9062585174665765
4.037149128461576
3.752311988263026
4.269577045526873
4.965993298334657
3.965312329818246
4.860732306971183
4.799735705017915
3.232793304631897
3.694087927409615
4.199182637893258
4.437329454166526
5.150105250003472
4.1936333148241935
4.34679464604275
4.004796190301784
4.285062038250523
4.230004762206966
4.358885964663015
3.915679372912954
4.630700245975253
5.556654583963469
4.808214639919319
3.895128718135797
4.5663652097115985
4.8971717858577
4.975971543100857
4.273225612519397
5.679221432262857
5.051468403052607
4.713262216429534
4.64861141913834
4.5433792746076085
4.912831443654723
4.382364471630988
4.626128217223812
4.6246087354068
4.724769010710178
5.049908747746748
3.995001371036461
4.444063333057166
4.862343866471235
4.3699348158591675
4.547955303875725
4.368073143413905
4.444795773307217
4.581069592786709
3.9700305419149453
4.630143111089991
4.136236284908187
4.055706878024599
5.385752244732498
4.428322724432562
3.9879293960420146
4.759161729826762
5.149952291434069
3.5424953126632817
4.030227483183469
4.106980906175665
4.091030704091262
4.643593246087116
4.683132211530478
5.046482898238025
4.546484432589892
5.124891831086932
4.628353508596331
4.486243161871753
4.057750714644445
4.06750427402842
4.181126959310977
3.5726593568953344
5.038871699645605
4.26841780032983
4.576278189166581
4.564834008681227
5.314588373874707
4.8219553676668445
4.8316269131040315
4.136142446304945
4.857235428657713
4.994686257603948
3.9196928352028793
3.89801363240056
4.201722275722319
4.269960129124516
4.2886139174044295
4.157346777819817
5.025805839008618
4.534609198632749
4.928470552516664
4.688315434249336
5.39715662560707
4.68164009464738
4.935815596068624
4.663190767621806
4.203813389182373
4.839403519936816
4.448002060815953
5.038728435378576
4.760683585841883
4.795248285265979
4.89582895822276
4.926935411871956
3.788971205789655
4.954401867704027
4.996284311367781
4.331360412313029
4.22355553304417
4.748633891892852
5.005709117237847
4.192474923692461
4.134836728717744
4.588226396097253
3.9464621181776507
4.561738913314769
4.7848328275757215
4.7325783644568284
4.78735674637559
4.591088828777908
3.9898054070441638
4.639586514919663
3.954040087544137
4.409160855371107
4.172410886477397
3.8924230723632283
4.745231653638825
4.538033000873458
4.400411861716046
4.09633763518857
4.29455633782897
4.994348315521232
4.200179669638269
4.115782390663923
3.7645799855552404
4.198708764875358
4.440031203808673
5.8201217936282985
4.184685771993844
5.054423735850095
4.745305208798406
3.708493579510397
4.568966740456914
4.564250519294131
4.693867766780105
4.6963538977371995
5.084722868873677
3.9901608668025625
4.460065761963997
4.431862231195789
4.58680331575091
3.9126500390586614
4.3894532900463386
4.165563212971794
3.774385953737573
5.648361698705438
4.04801138844923
4.845454921210614
5.2861295767924465
5.535870456306493
3.917059205085582
5.024188062669754
4.850852620469463
4.592813404830142
4.369355696565775
3.972269212532285
4.353836203555544
4.512878287238089
4.496585426100477
4.481555340631879
4.350640436638599
4.66220479579432
5.029377989215729
4.447903711876716
4.832516134606972
4.746015453138631
4.108022231411672
4.976356150521704
4.509090848795892
5.4930648316280175
5.053701656137595
4.468182834770065
3.744729501310452
4.119648538827687
4.780332736428247
5.273655210154507
4.843597639726667
4.289802316753208
4.430104472573039
4.645863817890899
4.3301890276199915
4.05538198899641
4.843968282188295
4.920685022834735
3.776810118216137
4.565100355498496
4.224696342228853
4.756083716111939
4.378601751097244
4.703221668177105
4.428037299733395
4.178293809661624
4.334397957763054
4.41165952084961
4.698500501120585
4.264829717052733
4.576537348426955
4.728602420808359
4.100734611877335
4.6717004419422485
4.1265827667680846
4.832173257071674
4.030637522061279
4.258632756025006
3.7633686095084884
4.964777576911927
4.175572509443569
4.6239514629067555
4.848966444478566
4.640158210921662
4.4874432863148845
4.197197627242138
4.800937126783204
4.580379806540285
5.314377690526588
4.409489477223417
4.792609317037498
5.248570779463423
4.406891867684373
3.5392118375968717
4.540795247097295
4.6328786824898005
4.851299053079773
4.384468793117323
4.357505643972103
4.092972745541337
5.063411193659281
4.8865880191699125
4.56540915136307
4.979621269395694
4.048703629862367
3.8236805017670035
4.279121978899253
3.716296439226179
4.362624140104327
3.429958938680378
4.705136318505692
3.998186151083996
4.7221323831853335
5.113077585562127
4.511493366263982
4.793278242919177
4.207802315791021
3.7172315176427526
4.253274250607814
5.090555286471318
4.230165981203133
4.09074772169464
4.057219197617293
4.905057588460639
4.741502203012295
4.525059512265865
3.953601336079101
4.726650852339875
4.155604948523346
3.901810299453567
4.500073792177601
4.019125270652254
4.148719569791738
4.497986482407807
4.122921243687678
4.578056848944503
4.067282272865148
5.122909560520994
4.510746787785894
3.7203894515929106
4.908994340219921
4.858826386555112
4.00929595385004
3.969187114225601
5.406882304674041
4.971119376605446
3.886034561351116
4.377446806494284
4.968181244960749
4.229413095670265
5.81180845251958
5.010023297686131
4.143723374936359
4.723186396697286
4.625768078198752
4.616612134305454
5.163565416024125
4.49264957404667
4.011108156292468
5.1296064796323275
4.261861358931992
4.290471135863638
5.163445530654866
4.466694239236577
4.8625076359734525
4.314163982954925
4.933552673198375
4.39720313469795
4.199100147034952
4.769126205966578
4.732322357012095
4.869681193720002
4.19601821882386
3.9361964687631676
4.350262163376418
4.9340015695382125
4.9471646422521625
4.309520766424166
4.57048885939258
4.155670794940831
4.673434209341651
4.396470130104445
3.9091791349103095
4.4284712868594545
4.5181482141644675
4.413625935413743
4.216173984375814
4.251535361026254
4.788914055955656
4.482223026198374
4.465709172957797
4.9461491748321444
5.014800427166543
4.458943820607347
4.383937072971345
4.823183201098471
4.567464059438441
4.693120491710414
4.636024773900703
4.86224317314519
3.8576420180306883
3.9419663752473433
4.867203903389728
4.127628846347025
3.8504429057156635
4.878391098498445
3.7581839523294183
4.663446512943056
4.344330129226599
4.906457889293227
4.457969296272124
5.051247110464197
4.943765356280281
4.854156980555395
4.1368438775572125
4.20192618273243
4.666466836743985
4.436207989595377
3.7889956143410473
4.0432979928814765
4.906979946070971
4.5945891541108645
4.3669351266308265
4.504739727560274
3.8550216641442
4.844164301814647
4.277633229019284
4.326164076063176
5.251736939236547
5.468467795795949
4.705383318352074
3.8845616138537684
4.671583064764615
4.982761965515194
4.653695372066911
5.057535035537889
4.433187630808577
4.898044569005081
3.977107311598158
4.867581369901219
4.483441593966224
4.8373763099853715
4.656390567843081
4.979197453934621
4.724178715475627
4.606347871946383
3.767205071057354
3.8851779218061395
4.609088759259606
4.664074640929783
4.8712233158680815
5.023297887324412
4.2892183036342
4.933013920130293
3.7265332743587143
4.616099590407122
4.545951565189283
3.9142179045927508
4.56342629113868
4.881564369693941
4.620816693747577
4.030028557754062
5.119744550020374
4.309819048096117
4.142877293263701
3.810625755398034
4.692897426775114
4.725979232858827
4.861255998651261
4.678031831892511
4.460002280188727
5.089893232332708
4.502246161017026
5.215345119516749
4.904112253911867
4.031609816402856
3.7911702359740773
4.346201867707219
4.220144932581594
4.472930647740309
4.465398057855898
4.195226033791592
4.703842396028819
4.182800146672027
3.826692738164133
4.4819426806939635
4.039015729235621
3.859827682837198
4.067415799033142
4.639437514033512
5.212191672133854
4.597654425021165
4.137665394808295
4.842263020827281
3.6630074226826763
4.5033498467254205
4.123794266524725
4.534334230564246
4.838800805009276
4.506542472130477
5.173818391292954
3.98412631070384
4.412682851804291
4.395555607214108
4.82380811795202
3.7833577653181503
4.894938810114274
4.878238457438771
4.122560136036641
4.570683396192392
4.117220253381668
4.680082684772046
4.643484212464483
4.333392685715617
4.679956328203663
3.380893108497633
4.137852169462973
5.3517884199677175
4.928237972117135
4.8582603920696705
4.900194697123135
4.400980646163705
4.369891366680346
4.950033905157681
4.673925565246433
4.6831813137033
4.823062726253714
4.658960102622733
4.424719113294453
4.439712790910019
4.51730361004276
3.7363066919113868
5.021106084372356
4.723351745623405
4.574774000176687
4.5986518079391505
4.416931689967663
4.442213864351919
4.856336935132497
4.394582104015332
3.9546839121602226
4.644077853490263
5.305801555549901
3.938877920863364
4.267921808663335
5.383492662305892
4.129598484783488
4.772047049812266
4.672895087395337
4.78248777288583
5.691156865097944
4.897524898597082
4.513096597982059
4.6418431673487195
4.449272519177216
4.2781720234663965
4.323492536514705
4.728111007968931
4.420071426073393
4.517693352279412
5.16951473174856
4.0245677388690995
4.455576643905758
4.393828989725934
4.4090018866789995
4.15148707721874
4.074311514223281
4.128357449941681
4.4193405224134
4.786726089747861
4.987413441478082
4.029483272493486
3.7189777934710944
4.155855496695394
4.293778883797438
4.365946907978535
4.173981364836911
4.0354677345881615
4.40395363786875
4.065832790532403
4.261998762884045
4.282441561160213
4.595824521947954
3.7732655794541166
4.872399369483287
4.065639532761877
4.357775462885087
4.423238131809532
4.046435772388008
3.998658635462537
4.035770093836993
4.978048546525578
4.4698861525613305
4.615011358053037
4.5695144050647025
4.619016491593303
5.1467708370206555
4.8633930577240765
4.562916089704672
4.834877761698099
4.646266188951992
4.825127493520443
4.581895406972604
4.244730472865823
5.010280491275804
4.794046600834856
3.6224038099495206
5.032446016746625
4.82875431007791
4.495873121668651
4.367185589231578
4.649416539319785
4.339437260816871
4.374450971932088
4.439519782923793
4.634260625383717
5.163318281580804
3.7867409536788106
5.162571782200172
3.1921980819618017
4.329179256027169
4.589762116221623
4.436321865546432
4.101879371705014
4.552106081266529
4.753988899364558
5.056661603028754
4.835318690397254
3.8796005545214056
4.75173200768403
4.893799921473017
4.74128126199848
4.721649955104942
4.566690286045035
4.058541229336314
4.209241498045266
3.7104826143581677
5.226194987216481
5.116876410007921
4.318419654630284
4.7724386473216445
3.748398467470236
4.572742420535659
4.457407362068831
3.8518745985842884
5.148875549730954
4.047876846999565
4.265537909862219
4.286118653960251
4.435429434216187
4.3717655455324085
4.344504434969744
4.3279026095526865
4.365100532768324
4.495942805492387
4.160172812849376
4.031878659940054
4.737071558728327
5.231319646745531
4.174487912785159
4.3246562327728775
4.41865982168446
4.684140826098644
4.43286269895342
5.5277921266280226
4.573703010184839
5.198859668946608
4.320802951236296
5.052254705525573
4.028125162126415
4.334700122606346
4.387139532527188
4.316865904662571
4.626157066649407
4.300337958167045
4.761462615290445
4.660951573636553
5.371737022794948
4.344842984611036
5.4806193810940815
5.092207272421201
4.979536455291544
4.923045147726201
3.629992759957106
4.434921867982153
4.280230262764491
4.24114797335976
4.654681173909017
4.700949098196017
4.334409012035176
5.10246975038623
4.279413334902711
4.235831042676217
4.142536347586146
4.610297088216433
4.513873669356292
3.986480078550445
4.915288701757227
4.412247781521257
4.4123141356215845
4.911879406921369
4.070335967541265
4.474067849328011
3.8441754387193035
5.430837824083842
5.281755459018083
4.753779890794484
5.026371750653445
4.196086079168568
4.776317259747297
4.522502987869582
4.546736861990286
3.9902596397849677
4.591961226697919
4.739055889734646
4.272686311805035
4.609739665543332
4.452757446550184
4.577903188345877
4.466361129331603
4.047660556283059
4.4350061914639
4.547258309111285
4.61387907488152
4.225211556460032
4.055714008862224
4.317286575378432
4.532072820273832
5.172939130188634
4.513830663035053
3.936115459122411
4.216273660883496
4.325097670086274
4.909254937359416
4.981911578575753
4.850791611285273
4.9944188781204994
3.9178079211849752
4.494254796211436
4.2404876860246645
4.496424036679681
4.7865894249008205
4.9818689051519645
4.351305418514276
4.507331354372166
3.5577735912783885
5.479433941927715
4.610174598017607
4.678844301875518
5.110641147993481
4.295620942201945
3.8683353637733418
3.9956402956876165
4.550305506080119
4.259685389628313
4.1013894116358
4.621210626959701
4.88050495786296
5.131945877322406
4.155068005094103
4.299147863718547
4.390810955190668
4.252384333286145
4.3167176966861796
5.155854878475609
4.402085863338814
4.627958135489892
4.597061032112838
4.518750793088291
4.600153904556382
4.681896398360479
4.719092633325857
4.9288681828957985
4.341469035457012
4.753875884485126
4.456148322999816
3.780315541529271
4.006248789854532
4.057789605317088
4.615565303183445
4.355426139208995
4.747724111536322
4.016307272015574
4.117184160913263
4.494783129362228
4.425109025471807
4.705445137234501
4.650105267312926
5.189578307507938
4.322608598909693
4.33098144140489
4.623531243504495
4.267460272740286
4.243077892568312
4.31513004074565
4.596066598104519
4.612005522696998
5.447195566407453
4.819066193256722
4.609044358439686
4.485269563493494
4.680215997979198
4.497812443609268
3.9018809561215573
4.656404700242199
3.707836741483458
4.45635514772485
4.7267139706376
5.075856572164915
4.466321907050861
4.452037361875127
3.34401477774794
4.378396484615463
4.845983661244269
4.083427082193966
3.8409916919695584
3.7238430299222607
4.807159473751135
4.245739752585404
4.091805100789956
4.0399866488258445
4.339075946985838
4.738044464957808
4.183970875543129
4.465180261183211
4.234199303294122
4.716399964161454
5.050992172802244
5.402887708894153
4.911315679271996
4.085726000195043
5.343747299341944
5.201270519499745
4.796594266979119
4.262497690155967
4.549848371333195
4.4110133756377925
4.734140663685091
4.161070879041541
4.701773618850483
3.968943478791622
4.393743809161018
4.03423468882961
4.730752192123097
4.672622010483154
4.389946396996869
4.063868687497306
4.456707453358119
4.758333903722296
4.643061772146843
4.716203588976193
4.2294695371824185
4.242856203372565
5.168100419575013
3.949999483736793
4.506995804710997
4.366555298650974
3.566489599658429
5.367638093517004
4.816299029232665
4.341504565042742
4.723331567476646
4.0009263513021445
4.447361714420459
4.33319579291317
3.8848912772105275
4.413503580105166
4.137754510168313
4.491782614094512
4.233517794574968
4.485677464044472
4.654050755139301
4.246431435833032
4.474084898566372
4.805518006713017
4.034829758945092
4.290486273920667
4.100439859382158
4.680017651539173
4.030609227679971
4.877469135176353
4.820713255515477
4.488906341665993
4.604908036589376
4.325403421431348
3.986877559829859
4.187046640557028
5.021190751808792
4.771909619164388
5.294417807435878
4.776389799174509
4.649156256672528
4.435230600297425
4.6969573936964695
4.3212521821533665
4.311965335110687
4.752409833773694
4.334791186153948
4.803656809977874
4.827037345324191
4.160162618111906
5.564567759176753
3.8386552059224694
3.59864970341882
5.437361644923226
4.214459790443356
5.383207216920535
4.958712513148196
4.089813300521374
4.971051241281105
4.0229490665242045
5.408311156920627
3.9463558134721435
4.263981072001227
4.108836531211722
4.062432033873679
4.709682130092002
4.7120225593949865
4.313338476462353
4.51307754735401
4.09696631630863
4.5790630176533185
4.871919860547284
4.105417788375338
4.489777758235104
4.32197991645202
4.71875507253714
4.455912382426096
4.865145359318144
4.507709167217297
4.373518720340525
4.2883125977251355
4.7367651595405285
4.300804106251953
3.4819969902910386
4.421952756090783
4.460613472215575
4.27117043570839
4.825444416492661
4.966260173291126
4.404539585298483
4.505864957979737
4.379500714437867
4.463906935110931
3.7051293244730443
3.7870074484884033
4.605488504574608
4.51806168699689
4.790023557176173
4.4997851376138565
4.691039521594529
4.6209732054186805
4.705797601191867
3.9768083766328606
4.065831028450476
4.287577965095707
4.9096849957083215
4.367615679610736
3.6655094831407213
4.550013881562255
4.294098659163267
3.9558607447360314
4.8748915256920355
4.611026835389021
5.034041560576097
5.0449983459070005
4.275356855385465
4.906011331960386
4.669511587241742
4.840267637692252
4.655918269025906
4.873472983256606
4.641564953134289
4.159971614105397
5.004953827314379
4.922652430146189
4.678609109542869
4.421295094841544
4.294588403402818
4.679404866521507
3.9669520788534554
4.360435302251713
4.758313263369536
4.817595891732284
3.919277333338935
3.6029885035562255
3.8390148364018573
4.232891644337916
4.766906016221597
4.404321911645185
5.250832654116951
4.166447906175529
4.588705694302371
4.79442936143995
4.275485384737698
3.7031074093606446
4.378428355538887
4.5933746168282745
5.211369318115009
4.484585545282507
4.005501500130306
5.341316479768582
4.373319086247436
4.148357867757455
4.458099116366199
4.277391827478029
4.262190018962259
4.822271362918439
3.6261778859560243
4.681897898398939
4.646168671845271
5.574255643734623
4.540423774034027
4.80533359152156
4.655419485509105
4.433724759596575
3.70270038540305
4.585439353806541
4.134908369547253
4.81098063455681
5.113772843282408
4.093234599112686
4.161859038415723
4.279079666494633
4.310262682016813
4.6774828857711634
4.625454236092677
4.78622091739109
4.983187121160424
4.7772917417322285
4.748173354044694
4.989038381126062
4.50486376783481
4.44970276124179
4.5715679489165915
4.264219642505508
4.2266444647876105
4.069599514115031
4.903170312802725
4.342924886106406
4.401378709329003
4.8108382168784
4.574785391337572
4.37919466064601
4.997508632302359
4.793432385465934
4.575064086691496
4.427610631032835
5.094016615799151
3.7266215797505398
4.4591435560313
4.283398377161609
4.5918735320476465
4.3929355322358985
4.531436835102861
4.280341771228509
3.7668720498206616
4.113706141137422
4.2285492127772555
4.358573943559704
3.9613215383435367
4.42583570455053
4.323542487582173
5.069293388528141
4.667608915563288
4.2408534387559875
4.395523847545809
4.06668078352474
4.5201152225333585
4.144104187388553
4.642318490499684
5.167133197242811
4.436678458761475
4.430696700482638
4.706133840754972
4.505066594982586
4.663645261141643
4.418712747393937
4.717004368898272
4.259557622616796
5.191270203721158
4.762673554000506
5.233543357410515
3.900107795814322
3.91175045433188
4.110109019512944
4.4475427557208045
4.397974129976182
4.080001455118644
4.708225383125295
4.378107030061579
5.016139469581835
3.9266538842781387
4.118611200996369
4.8805231466592245
4.5094533603606655
4.798817802805225
3.9439663635472364
3.574673765618415
4.67154743535235
4.579092890776402
4.485513642742349
4.457275220378207
5.12738624556396
4.346442237828239
4.63261828277351
4.136061911746231
4.477382559752235
4.3770031363507735
4.337994027985185
4.488426838160584
5.174953274286403
4.350859601571412
4.662842531978755
3.7814537274661397
3.8236943207955383
5.101599681903476
4.688219509811683
4.534185476889942
4.610673633857607
3.5543068542191
5.074210621061404
4.334593569953993
3.8110297547766847
4.766948015673137
5.295029142586308
4.04444682279278
4.443557053774911
4.075876650296259
4.5073733210478295
4.273526715046213
3.581247592751938
4.773113477019089
4.379623879363975
4.344459947951976
4.779764493895286
3.816469284312858
4.872072508457966
5.111189258161478
4.4753123570746745
4.420101360622334
4.442658834076295
5.161649698398675
4.769180415190507
4.0958099790860985
5.104941462152812
4.192216604584217
3.796813438484015
5.3044668582036145
4.343612502608036
4.241962098079578
4.0650525927162455
4.524528567555172
4.33031163830933
4.604460176454662
4.929668732967793
4.661247256080986
4.152311544529389
4.14421872642474
3.861681447556964
4.004551551243589
4.02319376176974
3.640525450498947
4.795592099780052
3.9291468704556216
3.9116222028928638
4.956761247948284
4.592289870495085
4.998896377717096
4.1698265997032244
4.628180671430551
4.865385514169626
5.011687459184759
4.6036999075074645
4.245144892714437
4.396596097317456
4.8674308557516826
4.450841268784875
4.282609944846009
5.063192430747199
4.53302091560886
3.804420683690012
4.840662196245372
4.840335009173608
4.337379390934231
4.782693246797078
4.557402999796413
4.944007077167975
5.155452859123281
3.81659667284521
5.070322557341218
4.704025364083409
4.151938327230315
5.019413330273411
4.154107365510789
4.640872715152353
4.261675713884074
4.950153437167726
3.9419594416160555
5.120701295098298
4.893931014120525
4.651509605003885
4.519290837246245
4.939997527811636
3.7754583290653243
3.948272632329069
4.88889173441936
4.630410478373552
4.554886391471026
4.78903689924165
4.147250645828745
5.137639428439672
4.210713485824182
4.9384242496543225
5.0607953693126975
4.236847720572216
4.742425719454501
4.574583483903687
4.348715320741438
4.532606113423445
5.159227707961273
4.7326836735464095
4.832364999790338
4.37547996428562
4.123880863626446
4.021215155408167
4.968785980114099
4.5700944103532395
3.7379989771595397
4.961636792991935
5.248942562123704
4.46275528442372
4.775813008118404
4.707222391696977
4.4831374429220325
4.236975512592613
4.3964175121494184
3.814089074852643
4.559608739344254
3.730298604367746
5.375918285802113
4.007704098764158
4.828815350064031
3.9760248656595127
4.47405507641183
4.755655391489797
4.527154894004822
4.835650837266155
4.346701880623735
5.2241106334725185
4.28136260715632
4.940546603603322
5.406018769869003
3.732799681434348
4.061138770012469
4.255607615194113
4.52690002387927
3.953290473270507
3.818940481690871
3.853932924335487
3.8104455368606476
3.9229170553841444
4.783750913890123
4.433480788420133
3.5842417828120867
3.753984068033643
4.508598852644268
3.6394613773208535
4.188020936494649
4.0631309494025425
4.207924649295519
4.438084048593342
4.525977690156729
4.773183104500887
4.755362230332034
4.283230669860929
3.983454034303499
5.1450687440019
4.303668268927953
4.653335911208153
4.36146430087995
4.262734378929833
4.7590749282816525
4.766883990680018
4.7822418444702395
4.8215999496062585
4.313854339937872
4.748159100235636
4.881183305871867
4.0023435407623165
4.794065608549511
4.116115750120985
4.340738439077183
4.195025968552383
4.579942020028753
4.2716598770931915
4.156510367683912
4.787336605130289
4.704715563797473
3.944884902564006
4.904046499602938
4.6358219203254185
5.0008480739851136
4.825803422755363
4.028486813226147
4.752073820798943
4.370204400274989
4.348495457111415
4.532622422672415
5.228172408459871
4.988634089809705
4.416419211214624
4.99563507549174
4.396960649783736
4.397161469284078
5.1898823130773115
4.736847726747956
5.4790968559221715
4.241004934596521
4.102318102461496
4.761297546433903
4.516255928331694
4.5159736962510895
4.996352399913023
4.397926331645855
3.9265555709253794
4.63647631187883
4.960832368531966
4.193810401168222
4.930078265185617
3.8556835419974695
4.540668266163267
4.653498940523867
3.8905176492661058
4.702446465572368
3.8014334916945978
5.218830697982925
4.595450987498221
5.132027964139035
4.721407569787379
3.81968510763373
4.973166255980415
5.120085435461912
4.201676739454545
4.879026150226219
4.570316213433731
4.670223694875349
4.613489779640756
4.608661796710257
3.8947717355081304
4.793442911722925
5.153410026802454
4.583498500015587
5.261621329497413
4.5481998222784545
5.0737044959608255
4.465260257703237
3.5843057277413957
4.267073232120509
4.232404351519948
4.495607263570233
4.6178443625586505
4.571099706471679
4.565702376274176
4.20950919516631
5.22007878742777
4.309859117440818
3.9330857695208277
3.903748658991807
5.876981778708129
5.08140766381274
4.400726283309043
4.730436673955812
4.354782143417866
3.8303679948543854
4.420141111869536
4.247322641725351
4.439864507535044
4.9276711336542505
3.847223319007338
4.002764058868918
5.082714307877325
4.246182543682768
4.0359295716257435
4.015581155417295
3.8606260343481393
5.181549792623134
4.122997306781492
4.322560299176414
4.72312364455555
4.784826492579066
4.624034315735538
4.5071267036515446
3.9025476534082455
4.065909016010572
4.256824362887235
4.70122392827562
4.469113299355012
4.10282269983719
3.6142959190116124
4.614035664922359
4.135343556522397
4.9485930681037225
4.795600042000854
4.716846077439255
4.2183235347207235
4.6279254561151895
3.963849662423355
4.503458092836726
4.656352605966722
4.507013715777353
4.764895715346684
4.8054264593764
4.9728063697652285
4.56089975664316
5.023969115775455
4.602421582215746
4.804798623405859
4.049112154329641
4.774815943731268
4.454553407821979
4.36632086209101
4.932388633264396
4.468830282474009
5.255548947740048
4.7279648790540145
4.206569140909169
4.552845078214776
4.373249375153049
4.535043511315103
4.624604595030126
3.964882834740392
4.5695949912159834
3.762498044847705
4.331481830047012
4.991399683363119
4.188605238715895
4.622599460778786
4.646240941196219
4.144957261994409
4.291884720406962
4.836418238759883
4.188712794912839
4.618311625570095
5.354480245194222
4.380966902734059
4.762151115091418
4.083819300722817
4.961225939202947
4.70709722734435
4.615561864212728
4.564581948347149
4.322412063547838
4.6068910785574575
4.544216580019501
4.4434798104898485
4.623370790574486
4.79636757171152
4.126517599097412
4.840353659893485
4.3554864984928034
4.100158717538054
4.013994657074005
4.837258674686604
4.258351575050832
4.298801322223616
3.9053945947068924
4.363973390469152
4.20836612476297
4.162524253723153
4.9544993117600615
4.812218955897002
3.8920748693134857
5.025951254646793
4.5277634982487776
4.3189715384362355
4.125628981523555
4.22904192682599
4.206423067781142
4.042726076199592
3.9824769785571976
4.770657876381436
4.051721635404269
4.8989674673545
4.344114763824995
4.16402111035474
4.467327366725685
4.706871199332891
4.4003108645994224
3.7188345103336355
4.244082932505029
4.465345226486243
3.867888854219413
4.261984424256522
3.7507759035456605
4.767046056470248
3.795981501120905
5.227639762278202
4.800020812514012
4.194706620730166
4.179113197557389
3.3470170220889655
4.220625897807653
4.94889081360175
4.3559910831370745
5.244283220383853
5.364350373521817
4.7207743325029226
3.6798882223564564
4.556568332662797
3.8063227456655175
3.88899658865731
4.4671528876384965
5.104998662079843
4.492886761493707
4.676412262486431
4.315070589948612
4.2183159339448775
4.42797617829281
4.603981235324799
4.933963128818932
4.478904311589552
4.154498867557764
4.370676071714713
3.7274962002511924
4.580134961586376
4.0841651200022016
4.585696234928628
4.4111035182644365
4.921609599002214
4.576729299905496
4.664844122193647
4.075163721582778
4.251008631188754
4.471843305199853
3.847879428777574
4.7092498191507755
4.4394542872207845
5.564231478505319
3.765566149197828
4.4594583175475195
4.290738952398862
4.8150135861463275
3.6569864961154415
4.0669915694596215
5.036995857063282
5.265327934713547
4.293007273848838
3.8908754657608826
4.58390737864143
4.716991733967849
4.5613209870809435
4.892713916433227
4.670088046410804
4.427760292738171
4.820183206908918
5.172160523769054
4.9484065826487225
4.823763794576401
4.570360216587367
4.858324193411114
3.6693916810412563
3.7947276348824843
4.28395817899568
5.076311470557494
3.9555872635190745
5.465867702536759
4.0113065879526095
4.650013481369672
4.136192995417321
3.652375387813075
4.810637295767045
4.114687854763499
3.840432792229078
3.6332279129780036
4.573515860511232
4.848151544178109
4.4087829113909915
4.229349647136889
4.823043426529935
3.9935837069420868
4.5136294729678035
4.1160567378927535
3.7937973287243665
4.706774123681174
5.019757431166502
5.0262325894939845
4.643057565590209
4.664915037158543
5.5114823418373655
4.761485697926713
4.665080519561869
5.322299844812697
5.364317722686578
4.27787914358973
5.0806167562976
5.546410257425811
4.192549666435279
4.019740914570153
5.062350065185043
4.122352270890179
4.478332123640107
4.169996791723809
3.8373821593323036
4.35186118567308
5.474231616374997
4.194257211689425
5.008113545109895
4.683838607214571
4.3904114352902335
4.217063419054329
4.616124830372824
5.00138342389509
5.5203213105075095
4.483120600284762
4.521567580919711
5.445739396136719
4.245799796754529
4.9398061436255025
4.912570290489296
4.402143313765288
4.127659752895746
5.179194029296529
4.546638174678461
4.435508845956245
4.682844877528792
3.967418028960172
4.734523175096741
4.657001164421492
4.6945697487770035
4.519285547065461
4.611182653157128
4.678987660389733
4.523964526489957
4.373819856565165
4.891850186164221
4.506328164147889
4.657963361435855
4.284994227691233
4.778965561273669
4.252935359474839
4.619955922250269
4.139057954360256
4.560899108963061
4.168296952597453
4.654092301640498
4.7856408237974515
4.219650603513331
4.4912933812313005
4.580380761915367
5.084853173676948
4.871834502761876
4.506550473056815
4.049774508259948
4.499433490855031
4.036820444348786
4.3254408255321515
4.670751737915592
4.440400378256006
4.21716908575016
4.961729439046931
4.715148071889381
4.3360077316594134
4.0631689298507165
5.047067303807553
4.928305254719157
3.7645845835071525
4.240115759034129
5.217940240871969
4.049981962110501
5.039126432365922
3.840432911302907
4.138820789300819
4.636022612503139
4.433382668913107
4.115393226681306
4.71942872672316
4.885288972385871
4.512969014234275
4.60189740661219
4.879213486234294
4.226426946090498
3.957046071776267
3.7908507462345447
4.708888684281914
4.247515292631639
4.368659753644734
5.013937995842575
4.2820626427867765
4.141043899914358
4.0402828916221525
4.704896480659947
4.878542889851919
4.133885859248345
4.085156202687703
4.549410013277608
4.365183276746706
4.48369659778029
4.234873782156242
4.098738781322381
4.573757845263737
4.785799794134713
4.600859799568572
4.631231401875045
4.667863582776345
4.239714542337486
4.251744098721183
4.570642095632008
4.131020949334103
4.731127746089375
4.11513330034834
4.359309047740344
4.6660445276889675
5.0701195517425965
4.319346661906409
4.72549436440672
3.590286115412709
5.242272867435487
4.204003091431035
4.545213143309232
4.316359740182828
4.4305065218372
5.173546438052818
4.755547928498267
4.844641008004422
4.5251121700898285
4.242623549854466
4.069628735652387
4.942745770100622
4.499798390305405
5.414759443491033
4.944059748839652
4.843650246749237
4.461778797016317
4.124580697284941
4.934728498870391
4.583878674259898
4.0822712303931095
4.306114126796572
4.260407099024858
4.554048016207991
4.529315887967702
3.699137688932567
4.685195418540253
4.779915040239251
4.0623087202846895
4.549314206639721
4.961478382937653
3.673192856755176
4.611516245279153
4.3601427628188025
4.555482443625224
4.277571360434142
5.233619868391901
4.055961888731713
4.336062019406285
5.748779892889025
3.3939466894810746
5.092843652810239
5.324219251523794
4.472572334432958
3.7424335097033836
4.026086210941514
3.993405593851899
3.8672054553733637
4.7464726443780725
4.554473009246026
4.399268900472395
4.453522895488955
5.363501734576137
4.546131903716766
4.473342118425611
4.342150753014495
4.016199083111104
4.488934439099032
4.227741562128928
3.969546652420879
4.247989860256256
4.777400426515794
4.126889447908097
4.43021792085117
4.300761321809256
5.191218234667925
4.903630821644506
4.211226600307659
4.463729977247425
4.261849323180949
4.049758345735116
4.50228133221044
4.511543862454733
5.1642520150330355
5.132218120982123
4.393548300083503
4.5320382048838965
4.458414554948346
4.772919085619776
4.7645561376798184
4.244378678808365
4.031717462025267
4.0690429908278665
4.154458284152754
4.1358284067267785
4.131685049889828
4.7622209081806535
5.0097216805501965
4.511413696647448
4.177003003204633
4.367722098828387
4.020269098802698
4.2501951522372865
4.288428431608168
5.064844533254218
4.297325680381433
5.501261045364896
4.5246610639094875
4.890693036064756
4.178746579185081
4.677747398807522
4.755032674193956
4.745958750702295
4.777324496815589
3.8766755059881675
4.034260251392204
4.902845805601063
4.410992976196272
5.245652332704582
4.537134060014777
4.273082087105594
4.0985846662864525
4.275677961400522
4.3998990224257835
4.936967613247765
4.044995971133108
4.399462892650794
4.659177559102256
3.4719377113812437
4.741911089276785
4.527340284559087
5.096363817384324
4.344498261111833
4.2026528064035995
4.536080131063641
5.150285812755623
4.946348838176534
5.171440016813058
4.5880127593792785
4.483075049103738
4.547177766827574
5.164571288638917
4.983304047947599
4.422835535057681
4.126156982642438
4.696044852193214
4.321120085782577
4.873203894908843
4.259409940643347
4.135841414091144
4.472201454529911
4.548853390968204
5.944714678113636
3.8525462181035555
4.406465958812785
4.98367969696113
4.352238943260285
4.050566847133748
4.376403653026054
4.030507489759137
4.200355395454938
4.031035591785024
4.237783351148308
5.016798446901034
4.269450559593551
4.685094247809981
5.059631421676462
5.242126413546216
4.337467377190779
4.2005557912536835
4.603580992530511
4.286594896861528
4.383092064739978
4.866978009778802
3.9291561646909274
4.925382445400493
4.465494466078585
4.681231726228094
4.311379808604056
5.622719370220575
4.011013640806366
4.968245768655409
4.159088543118393
4.442244700516614
4.35082050921603
4.35197298941643
4.0974062508228615
4.851857721075291
3.6490479177221284
4.207424253989991
4.896105844979931
4.360626329723643
4.797956855646089
4.777968962201917
5.00175807380459
3.9756228014154167
4.716934433597086
4.5579561634924985
4.66390283078768
3.9820967268648664
3.7411862859607865
5.248699339059485
3.5561278120513844
4.229538083983845
4.521608006210369
4.544524300153929
4.904017529647158
4.571793808612816
4.420429022325102
3.801443699006397
4.331700399604896
4.326805628022843
4.1291845233195925
4.725537495575458
4.6519161986672115
3.7884525498883375
5.135972850779287
4.443722243123353
5.2160177799376655
4.052485818331321
3.965034603454859
4.044024387449726
6.210177519673598
4.345998238660767
4.661772910553884
4.858655488800427
4.13173141781503
3.9833334503334425
4.73088958410658
3.382413437812103
4.485225274176049
4.099698222020126
4.483468469948189
4.548983587774283
4.605682901894294
4.2768686993717395
4.8678943219976825
3.9707341728677337
3.8277866356513215
4.786531687606026
4.407510324055051
4.2083859586229195
4.374459441284836
3.6969658327248176
4.251103491667652
4.744001132392378
4.398781192315175
3.609306448513684
3.4819483359306185
4.716223374182123
4.654282079093204
5.161291120264101
5.376119251016941
4.236411058727447
3.5217114831213445
4.654975051549993
4.940400970922867
5.318835128061489
4.781387243929387
4.2023831663837035
5.2208843315589295
4.444737173567757
4.442424595664291
4.366057488986159
5.015333386050248
3.9102082216812453
4.525639329943606
4.190096833489062
4.731296534332499
4.302127125169673
4.137125286491152
4.421809858169584
4.611242539712185
4.902049757307516
4.875549851446582
4.46921785863052
5.282614932355791
5.409972808006827
5.341926934492854
4.215515745349441
5.388721540229238
4.539867175255296
4.014267416961879
4.196245472196271
4.147930466045208
4.500949399603739
4.175409222748957
3.8603479740308493
4.168570714772908
4.429442533529639
4.932065846861306
4.2525990310045705
4.45358959681119
4.050309867835738
4.880980695613857
3.83188483331137
4.719131098258227
4.420375259019409
4.075738186033329
4.31541548510101
4.096401801156487
4.793240616599287
4.796220307470378
4.9705336634058614
4.992714217888444
4.583565464926974
5.0882754677658975
4.544977957381559
4.602037524312411
5.348578768548997
3.8858310846764454
4.373808605329342
4.169768909642883
4.348834384809472
3.9195361179265102
4.097239438846964
4.58115677386876
4.981599018766187
3.937929501053021
4.436841537352726
4.250612455849201
4.8497687732031425
4.514929155811481
5.0214918629838845
4.229808994923201
4.814809447297259
5.003473748113235
4.455468117092558
4.847999625410323
3.8785839704252316
4.1631378189389645
5.073066201297905
4.262125843825756
4.637197778588327
4.897982000701202
4.314862530095364
4.763823204699839
4.4814737513582825
4.045348306078068
4.501212938770449
4.125908186165909
4.296393680703063
4.538759950682841
4.255643991997408
4.576365940811763
4.41811086589508
5.043958856783159
4.802796998804042
4.152569912347532
4.48357226561677
4.02971659845693
4.747350343386416
4.905748691603582
4.520299947883569
4.177292427111561
4.457725221544691
4.3476745727456505
4.604010963994815
3.978039430614292
3.9582463556886567
4.338251660299983
4.404050685475291
5.164026740487789
4.619370806267872
5.476061528540017
4.031682172125582
4.847415085683064
4.444836304727997
4.582653622539082
4.497989154535133
4.209726933481019
4.108669711304316
4.501101055490083
4.122727404755011
4.338724652986648
3.9653327362051414
3.9074104563307253
3.8594103090168463
3.748451542343421
5.137877091065274
3.924510553530541
4.643152888732781
3.6573432717148506
3.6040138730821067
5.870782337526839
4.449296864107099
3.6553987735334577
5.461647203743317
4.456116316363038
4.568706580120247
3.8876223193142745
4.504984543528032
4.6743369199751665
5.620357249113612
4.683197450906556
5.186979186963247
4.80593844874652
4.943331935176502
4.073372333273695
5.289284972325683
4.6546300867006
4.452549626391391
4.18890444680348
4.301494308222394
4.01661528537165
4.525373986668149
4.434682255201181
4.723300605409166
4.916284675722723
4.600005071539997
4.323889638559108
4.3877253821597675
4.646621697299404
4.690290801187449
4.983419249903156
4.913208470590524
4.449057544352084
5.113144568382793
5.725557058690293
4.408600483455937
4.337603818462329
3.9723980204575886
3.830600785711017
4.296644663410819
5.157154432242925
4.842075836682128
4.805351858089493
4.300667918491969
4.180905871446762
4.1710557112520386
4.585104769128926
4.3844002553436
4.2011249540667235
4.301345224441985
4.90247165967773
4.387312506969495
4.188815474750371
4.64518761335405
5.343549222255377
5.034777722619372
4.867494977383221
3.726210941820541
5.120022873635259
4.297754718838787
3.934691718639173
4.016860975079818
4.717586333632804
4.785658038160083
4.716225734685458
4.9582860976314125
4.233298645424465
4.100066218097365
4.313980164472354
4.251946493812501
3.9116852316407273
4.3139318580475745
4.876894164105555
4.470833337567192
4.623072524487863
4.499885010544733
4.080280919603642
4.6923660831770695
5.024128119024316
4.639374980695253
4.676047568008188
4.530745611648711
4.484236291690401
4.070838217678138
4.484829904639881
4.509882417868292
4.609358870161974
4.55047105877967
4.0625216351591
4.741332940591147
4.29305619038125
3.9865659444353607
4.850766092832187
4.435025749661678
4.446590757611364
4.201816070031292
4.420232467882375
4.827277752135542
3.4848365032551887
4.7107423681202025
4.576140757742564
3.8313413416914366
4.061245003693138
4.864270145820453
4.772236617850259
4.104089363335558
3.8226049725797138
3.901370635028924
4.7768926187051735
5.165243934711023
4.0849022970571145
3.954915394546983
4.143814203919834
3.8602624633198848
5.1528964260858245
4.164288842525933
4.988071270143783
4.899279210743329
4.117481713499837
4.201083938128215
4.293622226979987
4.353384035829453
4.479791351041527
3.87575043242651
4.869119305275982
4.539522945729751
4.194772041285662
4.420476247160918
4.1819426273010825
4.448983852946044
5.1167816254465865
3.893665262478505
4.50516430749921
5.469644054029649
3.9777611305808325
4.681720229504386
5.036255647981704
4.224366319504215
4.567379140261531
4.5283684115014715
3.8598695035870314
4.841935178445724
4.568683681677742
4.742623611668807
4.957009528392325
3.913075010720358
4.3720381502934424
4.863266416127501
3.706050703742226
4.401423675586806
4.5656013688411194
4.269649607265831
4.666662273639051
4.173335622236676
4.844212800743213
4.548702399076511
4.519888599543337
4.003558647620552
4.36814804945606
3.8741406070583704
4.284226645129917
5.075719411628266
3.8346705605611775
4.816319898999089
4.678249935626666
5.287637982936659
3.851234904815174
4.549877705847672
4.762421879356829
3.5766383154893355
4.466813626607706
3.8275957474037625
4.336318788642758
5.078510192741021
4.242750471758342
4.754385228197999
4.528606577685549
4.900177493668927
4.389186642130563
4.599084966084728
5.098788238176814
4.064960845750369
4.312844335537579
4.770331921509419
4.255830566402712
5.026732521640138
4.793443580786597
3.8804335918784583
4.376096198402417
4.572362845367198
4.967744353254011
4.948470213774942
4.678572675918212
4.204509264258781
3.972797334131445
4.666892605652035
4.388273458094538
4.591828238343017
4.82954570368011
3.9783662800530815
4.274310325570428
4.416237434846554
4.26462254156823
4.489805108153747
4.592930745554134
5.1309767214822255
4.343132475442796
4.163192257303178
4.731231804875373
4.797212171935571
4.600190768026476
4.119675975787465
4.896071794438566
4.965652700163187
4.500800851528965
4.726496952953091
4.268574032333153
4.911644787848407
4.386948054630063
4.250984098785865
4.285155460236843
5.087310091345416
4.314008926349723
4.360682836063752
4.582224439843
4.547096748211855
4.708809334958727
5.171943591437952
3.978090127487442
4.416109152520816
4.444181017161433
4.478784566685973
4.923973619580984
4.224975343199059
4.763182998580866
4.882723368734471
4.017617466612172
4.430562453516928
5.136802838544749
4.769532133426988
4.312809905689646
4.804677611797145
4.392837293025028
4.1354147876339455
5.541534661146658
3.923412091813385
4.269185578797827
4.155647792273828
4.242076614009065
4.711777837400814
3.6406370888139383
4.676785232941799
4.41242153877449
4.489913153234445
4.0753265205413385
4.051836325174449
3.365413540294516
5.095002161809887
5.007663299429659
4.0749010113016615
4.3376123077653554
5.663606094930972
4.234741588330943
4.5297926838998075
4.309774556436566
4.5774484980927985
4.620814238523891
4.160792465890773
4.574378120602674
4.37832952506948
5.395956455778794
4.822915497156536
4.266364520263169
4.303773925955963
4.47688589095334
4.786760781490375
4.303094410632438
3.6729093963366193
5.223498292419082
4.097001541888851
4.186226773154822
4.085844570667117
4.550373235205512
4.863910587026286
4.520158990027505
4.063270959591257
5.040386210747035
4.740296596088885
4.081468997399088
4.8013982582663575
4.377874293400749
4.8717398152916696
4.680973568152614
4.63992280310591
5.102266147329651
4.772773201009903
3.6655838102585445
4.80491457202586
4.335152224542267
3.2832961474197058
4.6956056731507365
4.679999530584467
4.100839863913338
4.3575644024751465
4.989651362222388
3.562189528717278
4.273902488487095
4.79533550218859
4.41774784944232
4.84074488261311
4.621558072612484
5.380286614379714
4.225696330851234
4.262592034774324
3.6694380864815863
3.7080896048924505
4.888811548765716
4.628465786022568
4.525035428509179
4.904898321646869
4.909455927597784
3.7905598362859374
4.346691604143443
4.18171776186975
4.731083007649111
4.42673012136468
4.268626024992944
5.389911353787547
4.078552316995209
4.43526581825011
4.564953191991487
4.415024429964346
4.734764035849872
4.481281130927506
3.9577609421487248
4.279281074149008
3.9853146232564796
5.037485596931396
4.038591319818501
4.574495869749568
4.375899155119565
4.284674130286356
4.861764902388474
4.539764545243568
4.577996194434317
3.7904786842716094
4.074109675547862
4.078835062050363
3.8563366737204037
5.450601066170809
4.332822756378733
4.577241998183484
4.132675185870748
5.198228509490091
3.452657106072657
3.847892321270119
4.084297364314742
4.147037730417884
4.214118589344784
4.331094623258814
5.343985372420322
4.203948055648628
4.914139892630956
4.283858913760208
5.362607946899036
3.9736847724262083
5.299721788830623
4.932587850523702
4.334160944596331
4.225309777032036
4.934123386903466
5.066464642344607
4.724480764783436
4.092322780110294
4.116919834849877
5.839144432260618
4.512922151091701
4.65232722252794
3.944630447086864
4.02040854704511
4.7176200972149385
3.855047231840218
4.914652714234015
4.533527328486763
4.685102330801951
4.395858124717084
4.992245028799413
5.005534962233861
4.155595731668603
4.796278350850206
4.409146911407839
3.810394646251919
5.110083269405619
4.848024791727292
3.7610446904613957
4.681057101035104
4.622483933245457
5.103327902367147
4.580804212889458
4.38230963904712
3.941336099372406
4.060557075132726
4.022962879183336
4.446683947515544
4.549835080654822
3.8766874027066955
4.560621379696666
4.5417156158554155
4.7171626951595895
4.2686555842295695
4.7703231636493
4.271203887359151
4.477129783283563
4.8928013603262634
4.839984283145391
4.575395603597422
4.642715437350103
4.380054098085694
3.9457466658504425
4.393461083121441
4.7018483148365044
4.548981364325647
4.213889182653605
4.4146376910431275
4.363229138492422
3.8194249178665376
4.599148261809173
4.761026945967268
5.012882790522175
5.045526873668656
3.904620362642096
4.863171236424151
4.129265920168815
4.881115575698627
4.854370873435316
4.72056859199067
4.766603258811371
5.067885980085657
4.137270608079533
4.4421863959765435
4.5381126811659644
3.779239565928208
5.193710223624453
4.555823986148782
4.913472500913589
3.8564616009245647
4.848675541083652
4.942022070719576
4.308677474088698
4.257156299055769
4.480815907463082
4.082689549382956
4.477142400483225
4.5925969179644
5.347666528902533
3.740379746128492
4.013990456190397
5.067117066806378
3.5994744833961483
4.790301352306545
4.543860010466566
4.252465081582094
4.086211934848053
4.546951080948437
4.072672229366688
5.152340422119862
4.837875656943254
4.530254727986104
4.048856521061925
4.852015054267594
4.2240553258934765
4.687692598716956
4.71969761934885
4.292597596068431
3.8121340546501745
4.498444054119938
4.522240741027752
4.822323961021737
4.363309136511549
4.418402776151792
5.393585398073716
4.178530010611911
4.062052278493471
4.740105647730955
4.818899166957359
5.111238246188424
4.586410727168444
4.62540490229744
4.826607768191666
4.644084730256198
4.520901487691532
4.109713940324088
4.192526349249389
5.0276856695769805
3.6903170503356053
4.5478166953440455
5.359401356075508
4.612310542217411
4.530028213388069
4.5607895467311925
4.3137664512798635
3.7943693244324095
4.096080757054016
4.549065592960291
4.084323100728803
5.157466357011158
5.09331183896946
3.943124851090951
4.816431094937923
4.491953737630896
4.316168268755448
3.9434147673238686
4.449285328871273
4.608749710105041
3.9466243748605665
3.8275122629269234
4.447722019292585
4.54240855623356
4.6943218862032055
4.5602989339618025
4.0513860555476615
4.20891159191987
4.59333596971736
4.3156084667608905
4.226980730752685
4.891421461309925
4.645359451996422
5.362400897998199
3.8502187162124595
4.5070518511057305
3.601125682341443
3.9605318947340087
4.494670821303787
3.9794148518995067
3.6365565664438586
5.061212240616757
4.1304183035033954
4.917682794302482
3.505458566652799
4.2670292713221745
4.714011310887531
4.831718289304317
4.252991715231819
4.456728418042119
4.5573458673493015
4.550436846635716
5.51310276188877
4.644918173916273
4.7990742460243
5.340588534360661
4.637533948092338
4.335853343039647
4.491149366830112
4.968556524830171
4.130966035395902
4.565878712494106
3.9424203453123208
4.229828141300733
4.222351425867126
4.031359061361705
4.824548658100068
4.075257356170762
4.732778585986846
5.153568778414724
3.9026008843075077
4.360229943082529
4.248459128617903
4.276590407102088
4.73285352893623
4.385253476552187
4.761768244106946
4.577492495586624
4.573628869471211
4.417725168129505
4.073140870257113
4.479121412694845
3.8762810832353165
4.018870788558677
4.814673052831962
4.475586967788832
4.716258795772136
5.064816496607227
4.509562943857366
4.236638742267902
4.712644117915809
4.740568713608547
4.699182500566307
4.521908809649642
4.267863716610282
4.287805785562769
4.867847414493373
5.111215023203567
5.304166783577431
4.0367935002741895
4.092732160544385
4.160640787612309
4.187737660950591
4.290909099270306
4.867983719041778
4.487669377233976
4.168093809561647
4.016630025086628
3.672933569860969
4.262076701396994
4.409133345960028
3.9207407569651376
3.8507519634347376
4.6418586315215995
4.8710117697586055
4.293297986778869
4.704465889114369
5.341994476160028
3.529955376630629
4.776127822280042
5.305425472570857
4.870269060309312
5.016380330035378
4.549705804537021
4.404409905246107
4.423483930468389
4.564592542304191
4.8770482390879435
3.6379695646026766
4.450565991910525
4.251575066041466
4.832218998957211
3.6885915902527504
4.856374963413714
4.05238422733457
4.090004200333892
5.171063700499502
5.396785899822493
4.288752769307165
4.887737727256463
4.70397700931155
4.1436737693115
4.632872535271977
4.0681718327795275
4.18683752132167
3.741289890222111
5.16558823434741
4.347852104731034
4.619100863633833
5.225160287148877
4.451526977225546
3.6168655800220124
4.311125410870776
4.728164512853446
4.77703285850611
4.0180784617727054
3.926115934408593
4.701117278518404
4.604304437795334
4.162349714239417
4.639585988041164
4.46720739818745
4.715473937587968
4.870113210862617
4.578041920884265
5.2106877436819
4.731324474328078
4.347020457381409
4.35088082171882
4.87568837785992
4.343588384064467
4.057794992559464
4.720747275875244
3.9280650067116194
4.7923564870510384
4.0808368353688875
4.466195493540363
4.0999778266164375
4.5464735692978
4.308210110448233
4.175465983378482
4.071428432542009
5.604994975377746
4.8533314005836825
4.152218062858389
4.143242449997697
4.537143909705517
5.118670611915214
4.246154759420699
4.624874005728295
4.802756342653225
3.699671402975659
4.4339372393831376
4.013042734571343
4.722609302076747
4.281977401610928
4.073471744983811
4.337335775175447
4.616697977260816
4.343146259086982
4.166845506613354
4.0943944300102295
4.520711737013557
4.690223304978005
4.1623803186860755
4.048423523253824
5.078302515962345
4.80868018041249
4.809156327661463
4.391018439943669
5.1214456390553655
4.786631913484854
5.21051973795368
4.296172752230085
4.491780032253464
4.96533896829604
4.351441325861257
4.2269930797102715
4.307655870646476
4.329930935743884
5.644231518979767
4.161781235087118
4.418133212675957
4.142624685361137
3.8428252512475063
4.250520244666897
4.303455370448758
4.071719307620867
5.413486101418728
4.131629034697671
4.463739540338367
4.394161568077117
4.622653168396193
3.977810265277989
4.522089284156391
3.719503768594146
4.4129234684933385
4.609777925016736
4.446787851398508
4.822172905742348
4.020460068046963
4.560282329609133
4.744014924668922
4.0717897751695356
3.7001229794761565
4.363801069477049
